id,order_id,product_id,quantity,line_price,unit_price
1,1,1272,1,149,149
2,1,2249,2,29.8,14.9
3,2,2304,1,64.9,64.9
4,3,2859,4,1476,369
5,4,3034,1,259,259
6,5,2682,2,169.8,84.9
7,5,2441,3,717,239
8,5,1270,2,159.8,79.9
9,5,2577,1,219,219
10,6,1680,1,18.9,18.9
11,6,2301,2,139.8,69.9
12,7,1919,3,179.7,59.9
13,7,29,3,597,199
14,7,3318,4,399.6,99.9
15,8,391,4,199.6,49.9
16,8,598,4,5996,1499
17,9,2607,1,239,239
18,9,3320,2,189.8,94.9
19,9,738,1,1299,1299
20,10,250,2,65.8,32.9
21,11,1300,3,209.70000000000002,69.9
22,12,2643,2,1198,599
23,12,3080,3,375,125
24,13,868,2,258,129
25,13,3665,1,269,269
26,13,1234,1,24.9,24.9
27,13,2752,3,164.7,54.9
28,13,1275,4,676,169
29,13,2460,1,289,289
30,14,1177,1,69.9,69.9
31,15,1952,4,436,109
32,15,3142,3,1437,479
33,16,484,2,129.8,64.9
34,16,1071,3,209.70000000000002,69.9
35,16,159,2,53.8,26.9
36,17,2364,4,996,249
37,17,1624,2,129.8,64.9
38,17,2056,4,1876,469
39,17,3374,1,54.9,54.9
40,17,2996,4,3596,899
41,18,243,1,69.9,69.9
42,19,2267,2,29.8,14.9
43,20,1869,4,796,199
44,20,644,1,459,459
45,20,3342,4,259.6,64.9
46,21,581,4,4316,1079
47,21,204,2,39.8,19.9
48,21,3225,1,2299,2299
49,22,2880,4,1476,369
50,22,1609,1,399,399
51,22,2708,3,224.70000000000002,74.9
52,22,633,2,65.8,32.9
53,23,2006,4,1276,319
54,23,465,3,74.69999999999999,24.9
55,23,1129,4,3396,849
56,23,1168,4,1836,459
57,23,3130,1,699,699
58,23,201,2,159.8,79.9
59,24,3032,4,1756,439
60,24,599,2,2898,1449
61,25,1891,2,398,199
62,25,2322,1,34.9,34.9
63,25,3098,3,357,119
64,26,1692,3,134.7,44.9
65,26,2422,1,239,239
66,26,3095,4,756,189
67,27,436,3,128.7,42.9
68,27,2758,2,199.8,99.9
69,27,935,2,199.8,99.9
70,27,3592,4,179.6,44.9
71,27,786,1,1599,1599
72,28,240,3,209.70000000000002,69.9
73,28,1367,2,139.8,69.9
74,29,2455,2,558,279
75,30,3020,1,529,529
76,30,1046,1,64.9,64.9
77,31,3182,1,36.9,36.9
78,31,1642,3,299.70000000000005,99.9
79,32,2523,1,199,199
80,32,2927,2,658,329
81,33,1207,4,139.6,34.9
82,33,3182,4,147.6,36.9
83,33,1631,1,64.9,64.9
84,33,3773,4,796,199
85,34,2403,3,567,189
86,34,2798,4,379.6,94.9
87,34,3161,2,1598,799
88,35,3422,1,199,199
89,35,2380,3,1407,469
90,35,3562,2,378,189
91,36,878,4,13996,3499
92,36,805,2,2398,1199
93,37,59,2,298,149
94,37,255,2,45.8,22.9
95,37,362,2,39.8,19.9
96,37,1810,3,164.7,54.9
97,38,2355,4,676,169
98,38,351,3,53.699999999999996,17.9
99,39,2023,4,540,135
100,39,2829,2,738,369
101,39,1553,4,219.6,54.9
102,40,1195,3,897,299
103,40,268,2,39.8,19.9
104,41,518,4,460,115
105,42,2189,2,338,169
106,42,383,3,315,105
107,42,1441,2,119.8,59.9
108,43,1972,2,230,115
109,43,600,4,6996,1749
110,43,2831,3,1947,649
111,44,306,1,24.9,24.9
112,44,804,1,84.9,84.9
113,44,3561,1,329,329
114,45,2878,4,1476,369
115,45,3593,4,239.6,59.9
116,46,468,2,19.8,9.9
117,46,2647,2,698,349
118,46,3102,2,278,139
119,46,1767,1,159,159
120,46,670,2,149.8,74.9
121,46,1695,4,199.6,49.9
122,46,2698,4,379.6,94.9
123,47,2990,4,3396,849
124,47,2309,4,119.6,29.9
125,47,3636,4,2196,549
126,47,157,3,104.69999999999999,34.9
127,48,2636,3,239.70000000000002,79.9
128,48,3311,2,189.8,94.9
129,48,2572,2,378,189
130,48,1088,3,597,199
131,49,394,1,229,229
132,49,1175,2,33.8,16.9
133,49,421,1,179,179
134,49,2265,1,14.9,14.9
135,49,1774,2,1398,699
136,50,3302,3,194.70000000000002,64.9
137,50,537,4,436,109
138,50,110,1,199,199
139,50,2222,2,39.8,19.9
140,50,3586,4,756,189
141,50,3124,1,229,229
142,51,3615,3,6897,2299
143,51,985,4,1156,289
144,52,2249,1,14.9,14.9
145,52,3893,3,98.69999999999999,32.9
146,52,13,3,104.69999999999999,34.9
147,52,2312,4,159.6,39.9
148,52,1298,4,59.6,14.9
149,53,3462,4,399.6,99.9
150,54,2618,4,359.6,89.9
151,54,3793,3,477,159
152,54,312,3,1167,389
153,54,1278,4,147.6,36.9
154,55,2859,4,1476,369
155,55,1740,1,849,849
156,55,1136,4,8796,2199
157,55,3112,3,507,169
158,56,2681,1,84.9,84.9
159,56,256,4,159.6,39.9
160,56,2287,3,269.70000000000005,89.9
161,56,2811,4,580,145
162,57,3915,3,119.69999999999999,39.9
163,57,3854,4,500,125
164,58,2232,2,39.8,19.9
165,58,536,1,34.9,34.9
166,58,1382,1,69.9,69.9
167,58,1919,1,59.9,59.9
168,58,1414,3,194.70000000000002,64.9
169,58,1325,4,279.6,69.9
170,58,669,2,109.8,54.9
171,59,3129,3,837,279
172,60,1315,4,279.6,69.9
173,61,4,2,59.8,29.9
174,61,431,3,435,145
175,61,1861,3,149.7,49.9
176,61,2330,1,599,599
177,62,2887,4,1756,439
178,62,2652,4,556,139
179,62,933,1,79.9,79.9
180,62,1237,3,299.70000000000005,99.9
181,62,918,3,1497,499
182,62,1299,2,139.8,69.9
183,63,366,1,17.9,17.9
184,63,3650,3,149.7,49.9
185,63,1091,1,274.5,274.5
186,63,1690,2,258,129
187,64,1142,2,270,135
188,65,983,4,580,145
189,65,2836,4,1076,269
190,65,2142,4,420,105
191,66,3803,2,398,199
192,66,2036,2,230,115
193,67,3497,4,420,105
194,68,3535,1,16.9,16.9
195,69,2160,4,580,145
196,70,2479,3,1047,349
197,70,2747,4,219.6,54.9
198,70,2143,3,149.7,49.9
199,70,3402,4,716,179
200,71,1509,4,219.6,54.9
201,71,2390,2,1498,749
202,71,2880,1,369,369
203,71,717,4,5996,1499
204,72,1645,3,209.70000000000002,69.9
205,72,2157,2,85.8,42.9
206,72,794,3,2397,799
207,73,2451,3,837,279
208,73,1069,3,269.70000000000005,89.9
209,73,3402,1,179,179
210,74,3097,3,567,189
211,74,2520,2,398,199
212,74,1826,2,538,269
213,75,2633,4,716,179
214,75,417,4,139.6,34.9
215,75,3223,1,74.9,74.9
216,75,3345,2,149.8,74.9
217,76,2435,4,756,189
218,76,1818,2,598,299
219,76,3821,2,129.8,64.9
220,77,1399,2,149.8,74.9
221,77,1381,1,69.9,69.9
222,77,3449,4,1076,269
223,77,1897,4,1076,269
224,78,2475,2,199.8,99.9
225,78,1328,4,279.6,69.9
226,78,729,3,507,169
227,78,57,2,139.8,69.9
228,79,914,2,79.8,39.9
229,79,137,3,119.69999999999999,39.9
230,80,1823,2,458,229
231,80,1090,4,1596,399
232,81,1332,1,69.9,69.9
233,81,717,3,4497,1499
234,81,3221,3,4647,1549
235,81,1439,1,99.9,99.9
236,82,2263,2,33.8,16.9
237,82,2638,3,867,289
238,83,1808,2,358,179
239,83,3149,2,1258,629
240,83,1509,4,219.6,54.9
241,84,823,1,799,799
242,84,2432,4,1076,269
243,84,306,3,74.69999999999999,24.9
244,84,2244,1,14.9,14.9
245,84,3510,2,1198,599
246,85,1127,1,239,239
247,85,411,3,254.70000000000002,84.9
248,85,3817,2,129.8,64.9
249,85,2470,2,458,229
250,86,2952,3,5997,1999
251,86,3034,1,259,259
252,86,2195,3,268.5,89.5
253,86,518,1,115,115
254,87,1505,1,49.9,49.9
255,87,867,1,59.9,59.9
256,87,115,3,807,269
257,87,3920,4,199.6,49.9
258,87,2101,1,99.9,99.9
259,87,3081,4,500,125
260,87,3744,3,89.69999999999999,29.9
261,88,3644,4,3596,899
262,89,1050,2,73.8,36.9
263,89,2577,1,219,219
264,89,3071,2,378,189
265,89,2459,2,578,289
266,89,3563,4,1316,329
267,89,3192,1,349,349
268,89,1410,2,149.8,74.9
269,90,1493,2,169.8,84.9
270,90,3188,3,284.70000000000005,94.9
271,90,2823,1,169,169
272,91,3402,4,716,179
273,92,502,2,438,219
274,92,714,1,579,579
275,92,297,3,68.69999999999999,22.9
276,92,3495,2,238,119
277,92,1851,4,796,199
278,92,2348,1,1299,1299
279,93,3911,2,878,439
280,94,2514,2,378,189
281,94,1728,2,79.8,39.9
282,94,1558,3,224.70000000000002,74.9
283,94,575,4,916,229
284,95,895,3,209.70000000000002,69.9
285,95,286,4,55.6,13.9
286,95,1119,1,49.9,49.9
287,95,2599,2,578,289
288,95,2081,1,499,499
289,96,2481,4,1156,289
290,96,746,4,159.6,39.9
291,96,3444,3,477,159
292,96,981,2,199.8,99.9
293,97,1757,1,129,129
294,98,3877,2,149.8,74.9
295,98,3369,1,84.9,84.9
296,99,3657,1,199,199
297,99,2012,2,758,379
298,99,2178,1,94.9,94.9
299,100,908,1,99.9,99.9
300,101,524,4,876,219
301,101,2119,3,567,189
302,101,2160,3,435,145
303,101,1653,4,187.6,46.9
304,101,539,2,45.8,22.9
305,101,963,1,17.9,17.9
306,101,281,3,80.69999999999999,26.9
307,102,1666,4,916,229
308,102,1248,1,179,179
309,102,142,2,179.8,89.9
310,103,808,3,149.7,49.9
311,103,646,3,405,135
312,103,3098,3,357,119
313,103,1172,1,229,229
314,104,22,4,1396,349
315,104,3046,4,1396,349
316,105,3799,3,597,199
317,105,1768,2,53.8,26.9
318,105,1795,2,858,429
319,106,3271,2,898,449
320,106,2178,1,94.9,94.9
321,107,2513,3,747,249
322,108,1486,2,538,269
323,108,1759,4,476,119
324,109,1928,4,596,149
325,109,2721,4,2796,699
326,110,70,4,139.6,34.9
327,110,3026,4,1876,469
328,110,1664,1,18.9,18.9
329,111,2289,2,129.8,64.9
330,111,3536,3,110.69999999999999,36.9
331,111,2799,3,435,145
332,112,3572,3,1107,369
333,112,3224,4,5396,1349
334,113,1578,3,224.70000000000002,74.9
335,113,68,2,238,119
336,113,3863,1,54.9,54.9
337,113,3143,4,996,249
338,114,2886,1,269,269
339,114,3572,1,369,369
340,114,956,2,49.8,24.9
341,114,2909,2,1598,799
342,115,3828,4,716,179
343,115,2143,4,199.6,49.9
344,115,2103,3,209.70000000000002,69.9
345,116,1699,2,45.8,22.9
346,117,2513,4,996,249
347,118,721,4,339.6,84.9
348,119,1608,1,219,219
349,119,1740,4,3396,849
350,119,3762,1,199,199
351,119,111,2,139.8,69.9
352,120,1792,2,2298,1149
353,120,2614,3,777,259
354,121,2109,2,139.8,69.9
355,121,2489,3,657,219
356,122,254,3,89.69999999999999,29.9
357,122,1743,1,189,189
358,122,3505,1,89.9,89.9
359,122,211,1,59.9,59.9
360,123,923,4,676,169
361,123,2183,3,269.70000000000005,89.9
362,123,3589,1,135,135
363,123,151,4,359.6,89.9
364,124,1289,3,194.70000000000002,64.9
365,124,489,2,998,499
366,124,3671,1,269,269
367,125,236,1,26.9,26.9
368,126,2923,1,369,369
369,127,2371,2,938,469
370,127,2401,2,458,229
371,128,449,1,109,109
372,128,3238,2,1598,799
373,128,3780,3,597,199
374,129,2606,2,458,229
375,129,2560,1,189,189
376,130,312,1,389,389
377,130,3693,4,3076,769
378,130,439,3,149.7,49.9
379,131,1045,2,498,249
380,131,488,4,2796,699
381,132,1561,3,299.70000000000005,99.9
382,132,833,3,209.70000000000002,69.9
383,132,998,3,284.70000000000005,94.9
384,132,2359,1,299,299
385,133,2014,4,91.6,22.9
386,133,2400,1,229,229
387,133,255,2,45.8,22.9
388,133,2828,4,2276,569
389,134,797,2,638,319
390,134,1708,4,1596,399
391,135,1103,1,1899,1899
392,135,3363,3,224.70000000000002,74.9
393,136,2453,2,498,249
394,136,639,3,1287,429
395,136,3869,1,189,189
396,136,966,4,4396,1099
397,137,3803,1,199,199
398,138,2224,4,59.6,14.9
399,139,3232,3,2547,849
400,139,243,3,209.70000000000002,69.9
401,140,2333,1,359,359
402,141,1169,3,2547,849
403,142,3061,4,239.6,59.9
404,142,2250,2,29.8,14.9
405,142,3189,4,379.6,94.9
406,142,414,2,73.8,36.9
407,143,2098,1,149,149
408,143,744,4,239.6,59.9
409,144,1198,1,3499,3499
410,145,797,3,957,319
411,145,5,4,99.6,24.9
412,146,3656,3,447,149
413,146,2508,3,657,219
414,147,3900,1,369,369
415,147,1719,1,39.9,39.9
416,147,3410,2,290,145
417,147,1100,3,747,249
418,147,3350,2,189.8,94.9
419,148,336,2,35.8,17.9
420,148,1490,3,164.7,54.9
421,149,326,3,269.70000000000005,89.9
422,149,2347,2,2598,1299
423,150,2962,3,5397,1799
424,150,126,3,179.7,59.9
425,150,1134,1,399,399
426,150,2933,3,687,229
427,151,3318,3,299.70000000000005,99.9
428,151,2005,1,149,149
429,151,2749,2,179.8,89.9
430,152,3787,4,636,159
431,152,2649,4,756,189
432,152,1929,3,1047,349
433,153,99,2,119.8,59.9
434,153,190,4,159.6,39.9
435,153,3688,3,1317,439
436,154,1678,2,139.8,69.9
437,155,263,3,53.699999999999996,17.9
438,155,345,4,171.6,42.9
439,155,1226,4,598,149.5
440,156,1995,4,1156,289
441,156,2468,3,209.70000000000002,69.9
442,156,307,3,104.69999999999999,34.9
443,156,978,4,1076,269
444,157,1297,3,119.69999999999999,39.9
445,158,3904,3,807,269
446,158,2893,3,1407,469
447,159,1131,1,339,339
448,159,2811,4,580,145
449,160,2688,3,405,135
450,160,1427,3,98.69999999999999,32.9
451,161,3678,3,687,229
452,162,1687,2,79.8,39.9
453,162,3403,1,89.9,89.9
454,162,3682,2,378,189
455,162,353,3,98.69999999999999,32.9
456,163,484,4,259.6,64.9
457,164,1878,3,1797,599
458,165,1402,2,149.8,74.9
459,165,3362,4,399.6,99.9
460,165,626,1,32.9,32.9
461,165,3566,3,987,329
462,166,3007,3,1587,529
463,166,2837,1,469,469
464,166,3825,1,64.9,64.9
465,167,2527,1,249,249
466,167,3767,4,796,199
467,167,442,4,91.6,22.9
468,167,679,1,89.9,89.9
469,168,416,2,85.8,42.9
470,168,782,4,27996,6999
471,168,376,1,49.9,49.9
472,168,2847,2,89.9,44.95
473,169,512,2,438,219
474,169,3476,4,279.6,69.9
475,169,1556,3,315,105
476,169,2876,2,698,349
477,170,3757,2,398,199
478,171,2900,1,279,279
479,171,2904,1,94.9,94.9
480,171,2381,2,938,469
481,171,2109,2,139.8,69.9
482,171,518,3,345,115
483,172,1804,1,19.9,19.9
484,172,2836,4,1076,269
485,172,639,1,429,429
486,173,3190,2,210,105
487,173,2952,4,7996,1999
488,174,1609,2,798,399
489,174,2258,1,29.9,29.9
490,174,2601,2,578,289
491,174,843,2,210,105
492,175,1938,2,438,219
493,175,2647,4,1396,349
494,175,1757,4,516,129
495,176,2034,1,16.9,16.9
496,176,3234,1,1249,1249
497,176,2128,2,498,249
498,176,2692,1,74.9,74.9
499,177,1180,3,747,249
500,177,1274,1,74.9,74.9
501,178,3363,2,149.8,74.9
502,178,3501,3,405,135
503,179,2992,1,369,369
504,179,1699,2,45.8,22.9
505,180,2922,4,1756,439
506,180,1710,2,898,449
507,180,2319,3,269.70000000000005,89.9
508,181,1013,2,318,159
509,181,1039,1,699,699
510,181,1788,1,105,105
511,181,554,2,558,279
512,182,1178,2,39.8,19.9
513,182,3109,2,278,139
514,182,1143,2,318,159
515,182,3901,2,538,269
516,183,198,3,74.69999999999999,24.9
517,183,714,3,1737,579
518,183,1914,2,318,159
519,184,1352,1,69.9,69.9
520,184,717,1,1499,1499
521,185,1040,3,897,299
522,185,1225,4,796,199
523,186,3566,3,987,329
524,186,3194,4,1716,429
525,186,1086,4,1116,279
526,186,1300,1,69.9,69.9
527,187,2345,3,2097,699
528,187,2765,1,36.9,36.9
529,187,1148,3,179.7,59.9
530,188,2794,4,339.6,84.9
531,188,3194,3,1287,429
532,188,1524,2,109.8,54.9
533,188,1157,1,459,459
534,189,3275,1,145,145
535,189,1098,4,15996,3999
536,190,2894,2,838,419
537,190,2393,2,270,135
538,190,2856,2,79.8,39.9
539,190,324,2,338,169
540,191,3882,4,1876,469
541,191,2154,4,716,179
542,191,3509,1,199,199
543,192,1554,3,164.7,54.9
544,192,3911,1,439,439
545,193,1738,3,164.7,54.9
546,193,3631,1,49.9,49.9
547,194,3021,2,878,439
548,195,1923,2,638,319
549,195,3777,4,796,199
550,195,387,4,199.6,49.9
551,195,1729,2,199.8,99.9
552,196,3258,4,556,139
553,196,1408,4,299.6,74.9
554,196,45,4,556,139
555,196,536,1,34.9,34.9
556,197,1936,1,699,699
557,197,2221,4,51.6,12.9
558,197,2644,4,1396,349
559,197,2002,1,289,289
560,197,2514,1,189,189
561,197,2831,4,2596,649
562,198,2882,4,1116,279
563,198,1909,4,359.6,89.9
564,198,3874,3,687,229
565,198,1365,1,69.9,69.9
566,199,628,3,89.69999999999999,29.9
567,199,3722,2,119.8,59.9
568,199,3629,1,829,829
569,199,1815,2,4998,2499
570,200,3552,3,327,109
571,200,796,3,1287,429
572,200,2432,3,807,269
573,200,595,4,2596,649
574,201,3340,2,169.8,84.9
575,201,2165,3,327,109
576,201,3808,3,447,149
577,201,2046,4,259.6,64.9
578,201,2456,1,259,259
579,202,2139,3,164.7,54.9
580,202,1543,2,179.8,89.9
581,202,2836,1,269,269
582,202,3605,1,109,109
583,203,2624,3,837,279
584,203,3243,2,2798,1399
585,204,649,3,417,139
586,204,2892,3,1197,399
587,204,2929,4,1116,279
588,204,3332,4,299.6,74.9
589,204,1887,4,796,199
590,204,215,4,91.6,22.9
591,204,875,2,169.8,84.9
592,205,2704,3,254.70000000000002,84.9
593,205,3054,4,1076,269
594,206,2512,4,1156,289
595,207,1367,4,279.6,69.9
596,208,2683,2,210,105
597,208,2960,4,2676,669
598,208,3604,2,210,105
599,209,3697,2,1538,769
600,209,928,2,298,149
601,209,1275,3,507,169
602,210,641,4,5196,1299
603,210,2806,4,476,119
604,210,3736,2,59.8,29.9
605,210,3317,4,299.6,74.9
606,211,444,3,59.699999999999996,19.9
607,211,3290,2,189.8,94.9
608,211,3606,1,339,339
609,212,3235,2,3398,1699
610,212,413,1,145,145
611,212,3651,1,49.9,49.9
612,212,309,1,19.9,19.9
613,213,3336,3,375,125
614,213,2326,2,45.8,22.9
615,214,3350,1,94.9,94.9
616,214,2029,1,42.9,42.9
617,214,818,2,358,179
618,214,457,2,139.8,69.9
619,214,786,4,6396,1599
620,214,2265,2,29.8,14.9
621,214,3898,4,756,189
622,215,1854,3,149.7,49.9
623,215,1683,4,107.6,26.9
624,215,2515,1,239,239
625,215,205,3,209.70000000000002,69.9
626,216,1877,3,1497,499
627,216,3815,4,259.6,64.9
628,216,627,3,110.69999999999999,36.9
629,216,288,1,59.9,59.9
630,217,3905,3,1107,369
631,217,1873,1,199,199
632,217,1234,4,99.6,24.9
633,217,1778,3,5097,1699
634,218,3584,4,259.6,64.9
635,218,2325,4,179.6,44.9
636,218,51,2,139.8,69.9
637,218,2218,1,14.9,14.9
638,219,19,1,159,159
639,220,2179,3,299.70000000000005,99.9
640,221,39,1,29.9,29.9
641,221,499,1,149,149
642,222,1575,3,327,109
643,222,2127,4,420,105
644,222,1034,4,1396,349
645,223,2373,3,597,199
646,223,3903,1,339,339
647,223,304,4,259.6,64.9
648,224,1093,1,379,379
649,224,1282,4,716,179
650,224,2772,2,189.8,94.9
651,224,1964,2,93.8,46.9
652,225,1518,3,387,129
653,226,3605,1,109,109
654,226,3152,2,1458,729
655,227,2353,1,119,119
656,227,790,4,1596,399
657,227,993,1,22.9,22.9
658,227,1132,4,2796,699
659,228,214,1,22.9,22.9
660,228,1104,1,1099,1099
661,228,3731,2,139.8,69.9
662,229,895,2,139.8,69.9
663,229,100,1,79.9,79.9
664,229,969,3,269.70000000000005,89.9
665,229,3252,4,556,139
666,230,2721,3,2097,699
667,230,1554,3,164.7,54.9
668,230,2593,3,1017,339
669,230,2368,1,299,299
670,230,1039,4,2796,699
671,231,3251,2,598,299
672,232,527,2,179.8,89.9
673,233,51,2,139.8,69.9
674,233,3378,1,94.9,94.9
675,234,3774,4,796,199
676,235,2509,3,717,239
677,235,2098,2,298,149
678,236,3702,2,1538,769
679,236,1282,4,716,179
680,236,3006,3,1407,469
681,236,1263,2,199.8,99.9
682,237,1495,2,109.8,54.9
683,237,789,1,1099,1099
684,238,1182,1,69.9,69.9
685,238,3611,2,2198,1099
686,239,690,2,298,149
687,239,233,3,299.70000000000005,99.9
688,240,3347,1,34.9,34.9
689,240,1572,3,269.70000000000005,89.9
690,240,806,2,210,105
691,240,2326,1,22.9,22.9
692,241,2499,1,79.9,79.9
693,241,3861,1,219,219
694,241,3680,4,756,189
695,241,3122,4,540,135
696,241,1377,4,279.6,69.9
697,241,789,1,1099,1099
698,242,2252,1,14.9,14.9
699,242,2852,3,435,145
700,243,803,3,537,179
701,243,3458,3,140.7,46.9
702,243,1814,1,1799,1799
703,243,3660,3,179.7,59.9
704,244,798,4,1076,269
705,244,918,1,499,499
706,244,3082,3,417,139
707,244,1875,1,59.9,59.9
708,245,2028,2,129.8,64.9
709,245,3097,3,567,189
710,245,1426,2,53.8,26.9
711,246,1414,4,259.6,64.9
712,246,113,4,399.6,99.9
713,246,234,2,199.8,99.9
714,246,772,4,399.6,99.9
715,246,2534,2,478,239
716,246,2047,4,239.6,59.9
717,246,273,3,1257,419
718,247,2726,1,699,699
719,247,2416,3,537,179
720,247,1627,4,259.6,64.9
721,248,2707,1,84.9,84.9
722,249,3509,2,398,199
723,249,2855,3,68.69999999999999,22.9
724,250,2839,3,1347,449
725,250,468,1,9.9,9.9
726,250,1054,1,39.9,39.9
727,251,1094,2,798,399
728,251,2524,4,1116,279
729,251,1168,2,918,459
730,251,3417,1,189,189
731,251,1536,4,399.6,99.9
732,251,3170,1,829,829
733,252,2309,2,59.8,29.9
734,252,972,3,537,179
735,252,407,3,80.69999999999999,26.9
736,253,475,1,14.9,14.9
737,253,2739,1,39.9,39.9
738,253,3575,4,1196,299
739,253,3514,1,22.9,22.9
740,254,1671,2,79.8,39.9
741,255,1155,3,1077,359
742,255,3704,1,49.9,49.9
743,255,3040,4,1876,469
744,255,1409,1,74.9,74.9
745,256,3307,2,149.8,74.9
746,256,3255,2,578,289
747,256,3331,3,284.70000000000005,94.9
748,257,3530,1,49.9,49.9
749,257,1649,1,54.9,54.9
750,257,1595,2,119.8,59.9
751,257,93,4,2796,699
752,258,1456,4,187.6,46.9
753,258,1518,1,129,129
754,258,1582,4,299.6,74.9
755,259,602,4,1996,499
756,260,3168,2,1098,549
757,261,1853,3,179.7,59.9
758,261,1908,4,279.6,69.9
759,262,795,4,1076,269
760,262,536,3,104.69999999999999,34.9
761,262,189,4,676,169
762,262,53,4,279.6,69.9
763,263,2333,1,359,359
764,264,802,4,359.6,89.9
765,265,1296,1,84.9,84.9
766,266,891,4,279.6,69.9
767,266,887,1,94.9,94.9
768,266,2429,1,319,319
769,267,545,4,1716,429
770,268,2168,2,85.8,42.9
771,268,25,1,349,349
772,268,2650,1,189,189
773,269,1391,3,224.70000000000002,74.9
774,270,2509,4,956,239
775,271,705,4,4796,1199
776,271,3329,2,149.8,74.9
777,271,3264,3,59.699999999999996,19.9
778,271,3880,3,807,269
779,272,3793,2,318,159
780,273,12,3,597,199
781,273,16,2,119.8,59.9
782,273,1219,2,230,115
783,274,1540,3,269.70000000000005,89.9
784,274,2973,3,1707,569
785,274,1030,3,1497,499
786,275,1313,3,209.70000000000002,69.9
787,275,2087,3,284.70000000000005,94.9
788,275,3222,3,4347,1449
789,276,1166,4,2516,629
790,276,83,1,89.9,89.9
791,277,3567,3,1587,529
792,277,2326,1,22.9,22.9
793,277,2793,2,358,179
794,277,2548,4,359.6,89.9
795,278,3368,3,224.70000000000002,74.9
796,278,3442,2,358,179
797,279,3319,2,149.8,74.9
798,279,3047,3,1407,469
799,280,3621,4,2796,699
800,280,1091,1,274.5,274.5
801,280,1290,3,224.70000000000002,74.9
802,281,822,4,3156,789
803,282,1855,2,1098,549
804,282,1260,2,79.8,39.9
805,282,48,3,537,179
806,282,2059,1,899,899
807,283,484,2,129.8,64.9
808,283,3680,2,378,189
809,284,1393,2,149.8,74.9
810,284,1163,4,5196,1299
811,284,1394,4,299.6,74.9
812,284,2757,2,179.8,89.9
813,285,841,1,1699,1699
814,285,2566,2,179.8,89.9
815,285,199,2,638,319
816,286,2668,2,179.8,89.9
817,286,146,4,636,159
818,287,3444,2,318,159
819,287,771,1,269,269
820,287,2467,3,687,229
821,287,317,1,34.9,34.9
822,288,3428,2,358,179
823,289,2724,2,1598,799
824,290,3801,3,597,199
825,291,1446,1,59.9,59.9
826,292,97,4,319.6,79.9
827,292,1439,3,299.70000000000005,99.9
828,292,70,3,104.69999999999999,34.9
829,293,3176,3,2397,799
830,293,254,3,89.69999999999999,29.9
831,293,954,4,119.6,29.9
832,294,1720,1,199,199
833,294,2044,1,69.9,69.9
834,294,872,3,119.69999999999999,39.9
835,294,2955,2,1998,999
836,295,956,4,99.6,24.9
837,296,1360,1,69.9,69.9
838,297,769,3,837,279
839,298,3219,2,2798,1399
840,298,2176,1,49.9,49.9
841,298,2469,2,458,229
842,298,2604,1,349,349
843,298,3378,2,189.8,94.9
844,298,3009,4,2516,629
845,299,2372,4,1876,469
846,299,1714,2,478,239
847,299,2428,1,289,289
848,300,2862,3,1287,429
849,301,128,2,139.8,69.9
850,302,3889,1,32.9,32.9
851,303,1693,1,99.9,99.9
852,303,947,3,104.69999999999999,34.9
853,303,2305,4,99.6,24.9
854,304,430,1,389,389
855,304,2921,3,1797,599
856,304,3688,1,439,439
857,304,1603,1,449,449
858,305,1356,4,279.6,69.9
859,305,3812,1,179,179
860,305,1366,1,69.9,69.9
861,305,72,1,14.9,14.9
862,306,1648,3,507,169
863,307,406,1,29.9,29.9
864,308,3379,1,94.9,94.9
865,308,2536,1,239,239
866,308,991,4,916,229
867,308,2478,1,289,289
868,309,2218,3,44.7,14.9
869,310,1415,2,109.8,54.9
870,310,2302,2,129.8,64.9
871,310,542,1,69.9,69.9
872,310,1975,1,46.9,46.9
873,311,750,1,26.9,26.9
874,311,3657,1,199,199
875,311,2961,4,1036,259
876,311,1517,1,54.9,54.9
877,312,3881,3,567,189
878,312,1104,4,4396,1099
879,312,493,4,4996,1249
880,313,1954,1,89.9,89.9
881,313,380,1,105,105
882,313,147,1,549,549
883,313,852,1,499,499
884,314,1192,1,26.9,26.9
885,315,2416,1,179,179
886,315,912,2,99.8,49.9
887,315,900,2,358,179
888,315,3331,3,284.70000000000005,94.9
889,315,2,1,69.9,69.9
890,316,1555,4,259.6,64.9
891,316,2477,1,139,139
892,316,3578,4,279.6,69.9
893,317,3778,4,796,199
894,317,2322,1,34.9,34.9
895,317,2226,4,91.6,22.9
896,317,1166,4,2516,629
897,318,2386,3,299.70000000000005,99.9
898,318,2296,4,399.6,99.9
899,319,1140,2,85.8,42.9
900,319,1466,4,119.6,29.9
901,319,4,1,29.9,29.9
902,320,797,4,1276,319
903,320,1828,2,3098,1549
904,320,752,1,59.9,59.9
905,320,1018,3,299.70000000000005,99.9
906,321,3524,1,22.9,22.9
907,321,1164,1,649,649
908,321,2880,2,738,369
909,321,2544,1,69.9,69.9
910,322,1475,2,29.8,14.9
911,322,579,4,636,159
912,322,3750,2,59.8,29.9
913,322,2502,3,224.70000000000002,74.9
914,323,1161,1,1799,1799
915,323,2318,4,436,109
916,323,3064,4,580,145
917,324,1775,4,14796,3699
918,324,1137,4,1836,459
919,324,193,3,104.69999999999999,34.9
920,325,3003,4,1996,499
921,325,1691,1,89.9,89.9
922,325,2886,1,269,269
923,326,2822,4,716,179
924,326,80,1,249,249
925,327,495,4,420,105
926,327,3716,2,139.8,69.9
927,327,3820,2,129.8,64.9
928,327,3877,3,224.70000000000002,74.9
929,327,2713,4,3316,829
930,328,2295,1,199,199
931,328,890,1,199,199
932,328,1296,3,254.70000000000002,84.9
933,328,2930,1,499,499
934,329,2662,4,796,199
935,329,2999,2,1598,799
936,329,284,1,94.9,94.9
937,329,1901,2,1198,599
938,329,2457,2,538,269
939,329,531,4,516,129
940,329,3420,4,636,159
941,330,569,2,29.8,14.9
942,330,1270,4,319.6,79.9
943,330,33,3,507,169
944,330,2073,1,599,599
945,331,1453,1,419,419
946,331,3165,1,649,649
947,331,925,1,249,249
948,332,3285,2,79.8,39.9
949,332,448,4,339.6,84.9
950,332,3437,2,69.8,34.9
951,333,1365,4,279.6,69.9
952,334,1554,3,164.7,54.9
953,334,1047,3,1797,599
954,334,2450,2,658,329
955,334,537,4,436,109
956,335,1407,1,74.9,74.9
957,335,3132,3,1287,429
958,335,2442,4,756,189
959,335,2009,4,1396,349
960,336,3891,2,65.8,32.9
961,336,1083,1,2099,2099
962,336,2164,2,1138,569
963,337,3832,3,104.69999999999999,34.9
964,337,2040,4,79.6,19.9
965,338,838,1,69.9,69.9
966,338,2042,4,79.6,19.9
967,338,3156,2,179.8,89.9
968,338,881,4,3196,799
969,339,2653,4,916,229
970,339,3901,4,1076,269
971,340,852,3,1497,499
972,341,263,3,53.699999999999996,17.9
973,341,1461,1,29.9,29.9
974,342,3633,3,254.70000000000002,84.9
975,342,986,3,567,189
976,342,2038,4,179.6,44.9
977,342,176,3,387,129
978,343,2349,1,74.9,74.9
979,344,143,1,39.9,39.9
980,344,2900,4,1116,279
981,344,1236,3,387,129
982,345,2935,3,1137,379
983,345,2226,1,22.9,22.9
984,345,2778,1,135,135
985,345,3888,1,32.9,32.9
986,345,630,4,199.6,49.9
987,345,6,2,73.8,36.9
988,346,1656,3,747,249
989,347,2460,1,289,289
990,348,1406,3,224.70000000000002,74.9
991,348,2172,2,558,279
992,348,3501,3,405,135
993,348,811,1,339,339
994,349,2411,1,279,279
995,349,3196,3,1707,569
996,349,3513,1,29.9,29.9
997,350,1760,2,89.8,44.9
998,350,3443,3,1287,429
999,350,2608,2,478,239
1000,350,1645,3,209.70000000000002,69.9
1001,351,140,1,69.9,69.9
1002,352,2553,1,189,189
1003,353,1890,2,119.8,59.9
1004,354,3128,3,2697,899
1005,354,2981,2,538,269
1006,354,2374,1,469,469
1007,354,1027,1,49.9,49.9
1008,355,1091,2,549,274.5
1009,355,3611,3,3297,1099
1010,355,3775,2,398,199
1011,356,3201,4,5596,1399
1012,356,1494,4,516,129
1013,357,945,2,49.8,24.9
1014,357,2340,4,319.6,79.9
1015,357,1261,1,94.9,94.9
1016,357,2601,1,289,289
1017,358,3145,3,687,229
1018,359,1948,1,79.9,79.9
1019,359,3146,2,1598,799
1020,359,1411,2,149.8,74.9
1021,360,841,4,6796,1699
1022,360,623,4,299.6,74.9
1023,360,1727,2,189.8,94.9
1024,361,3055,4,436,109
1025,361,3808,4,596,149
1026,361,1098,1,3999,3999
1027,361,76,3,387,129
1028,361,2162,1,219,219
1029,361,536,1,34.9,34.9
1030,362,2146,3,209.70000000000002,69.9
1031,362,2618,3,269.70000000000005,89.9
1032,363,3,1,49.9,49.9
1033,363,509,3,2907,969
1034,364,1096,4,2396,599
1035,364,1299,2,139.8,69.9
1036,365,3901,4,1076,269
1037,365,959,2,358,179
1038,365,926,3,1047,349
1039,366,582,4,279.6,69.9
1040,366,323,3,104.69999999999999,34.9
1041,366,1222,2,438,219
1042,366,3209,1,1249,1249
1043,366,1319,1,69.9,69.9
1044,367,2427,4,1116,279
1045,367,2817,2,189.8,94.9
1046,367,3436,2,149.8,74.9
1047,368,712,3,777,259
1048,368,2832,4,1796,449
1049,369,907,2,258,129
1050,370,3023,3,1587,529
1051,370,662,1,79.9,79.9
1052,370,3342,1,64.9,64.9
1053,370,1191,2,99.8,49.9
1054,371,2026,3,74.69999999999999,24.9
1055,371,267,3,104.69999999999999,34.9
1056,371,665,2,398,199
1057,371,2165,4,436,109
1058,372,1644,3,179.7,59.9
1059,372,3857,2,398,199
1060,373,3792,4,796,199
1061,373,433,1,42.9,42.9
1062,373,204,3,59.699999999999996,19.9
1063,373,3493,2,1698,849
1064,373,2438,2,558,279
1065,373,1129,2,1698,849
1066,374,3812,4,716,179
1067,374,1958,2,3798,1899
1068,374,2228,1,19.9,19.9
1069,374,1624,1,64.9,64.9
1070,374,2622,3,717,239
1071,374,2349,1,74.9,74.9
1072,375,2881,1,479,479
1073,376,1401,1,74.9,74.9
1074,376,1634,4,259.6,64.9
1075,376,2481,1,289,289
1076,377,2291,2,139.8,69.9
1077,377,1435,2,119.8,59.9
1078,378,2823,4,676,169
1079,378,1527,1,27.45,27.45
1080,378,3722,1,59.9,59.9
1081,378,801,4,1956,489
1082,379,3610,3,1887,629
1083,379,3005,4,2796,699
1084,379,3861,1,219,219
1085,379,528,2,189.8,94.9
1086,379,623,4,299.6,74.9
1087,379,3667,1,59.9,59.9
1088,380,320,1,64.9,64.9
1089,381,70,3,104.69999999999999,34.9
1090,381,1801,1,26.9,26.9
1091,381,1188,2,119.8,59.9
1092,381,2069,3,2997,999
1093,382,3540,1,129,129
1094,382,1549,4,359.6,89.9
1095,382,2060,4,1596,399
1096,383,3252,3,417,139
1097,383,1805,4,259.6,64.9
1098,383,2009,2,698,349
1099,383,3382,3,284.70000000000005,94.9
1100,384,2568,3,209.70000000000002,69.9
1101,384,108,4,1796,449
1102,384,2886,2,538,269
1103,384,3018,2,1058,529
1104,385,3186,4,756,189
1105,385,3373,4,299.6,74.9
1106,385,2259,1,14.9,14.9
1107,385,1986,1,129,129
1108,386,3304,1,64.9,64.9
1109,387,3715,4,279.6,69.9
1110,388,2512,1,289,289
1111,388,527,4,359.6,89.9
1112,388,2749,4,359.6,89.9
1113,389,3642,1,799,799
1114,389,763,4,239.6,59.9
1115,390,3381,2,149.8,74.9
1116,391,988,2,1298,649
1117,391,1584,1,69.9,69.9
1118,391,1898,2,498,249
1119,391,333,4,259.6,64.9
1120,392,1527,4,109.8,27.45
1121,392,92,2,1398,699
1122,392,762,1,34.9,34.9
1123,392,1946,2,258,129
1124,392,109,3,717,239
1125,393,1849,3,209.70000000000002,69.9
1126,393,2946,1,439,439
1127,393,363,2,39.8,19.9
1128,394,3686,1,135,135
1129,395,20,2,218,109
1130,395,2862,2,858,429
1131,396,3167,1,649,649
1132,396,1306,2,109.8,54.9
1133,397,3845,4,500,125
1134,397,3017,2,1398,699
1135,397,2871,2,1198,599
1136,398,3738,4,119.6,29.9
1137,398,3641,4,1316,329
1138,398,1334,1,69.9,69.9
1139,398,3638,1,449,449
1140,398,1121,1,69.9,69.9
1141,398,2862,4,1716,429
1142,399,597,4,1076,269
1143,400,3289,4,299.6,74.9
1144,400,1859,1,399,399
1145,400,2969,3,1197,399
1146,401,1213,4,279.6,69.9
1147,401,606,1,74.9,74.9
1148,401,1823,4,916,229
1149,402,592,4,119.6,29.9
1150,402,153,3,267,89
1151,402,687,3,405,135
1152,403,1814,4,7196,1799
1153,403,3287,1,74.9,74.9
1154,403,1586,3,89.69999999999999,29.9
1155,404,2161,4,299.6,74.9
1156,404,1019,1,179,179
1157,404,1500,3,327,109
1158,405,2335,4,379.6,94.9
1159,405,2700,1,84.9,84.9
1160,405,3377,1,115,115
1161,405,3053,1,269,269
1162,406,2177,1,49.9,49.9
1163,406,1398,1,74.9,74.9
1164,407,1642,1,99.9,99.9
1165,407,2563,2,438,219
1166,407,3586,1,189,189
1167,407,847,2,1158,579
1168,408,3626,4,2196,549
1169,408,27,4,1476,369
1170,409,3163,2,598,299
1171,409,2612,2,478,239
1172,409,1344,2,139.8,69.9
1173,409,1052,3,89.69999999999999,29.9
1174,410,3735,1,69.9,69.9
1175,410,422,4,476,119
1176,411,3687,4,2996,749
1177,411,3016,4,2796,699
1178,412,49,4,636,159
1179,412,63,1,32.9,32.9
1180,413,1254,4,596,149
1181,414,2809,3,435,145
1182,414,3884,2,210,105
1183,414,2385,2,1038,519
1184,414,847,2,1158,579
1185,414,745,4,1196,299
1186,415,1475,3,44.7,14.9
1187,416,1346,2,139.8,69.9
1188,417,1807,4,339.6,84.9
1189,417,2780,4,580,145
1190,417,2903,2,3298,1649
1191,418,3921,1,49.9,49.9
1192,418,42,1,29.9,29.9
1193,419,2630,3,405,135
1194,419,81,3,807,269
1195,419,1565,1,69.9,69.9
1196,419,362,1,19.9,19.9
1197,420,3211,2,2298,1149
1198,420,2211,3,194.70000000000002,64.9
1199,421,2052,4,556,139
1200,421,3541,3,435,145
1201,421,3838,2,189.8,94.9
1202,421,3104,3,447,149
1203,422,1454,3,164.7,54.9
1204,423,3830,2,29.8,14.9
1205,423,2612,2,478,239
1206,424,1520,2,179.8,89.9
1207,424,598,1,1499,1499
1208,424,611,3,315,105
1209,425,1938,3,657,219
1210,426,3240,1,1549,1549
1211,426,3025,2,1058,529
1212,426,3824,1,64.9,64.9
1213,427,1774,3,2097,699
1214,427,2494,1,219,219
1215,428,485,2,129.8,64.9
1216,428,1009,1,11.9,11.9
1217,428,2491,2,478,239
1218,429,1129,4,3396,849
1219,429,1492,4,279.6,69.9
1220,429,1078,1,269,269
1221,429,764,2,179.8,89.9
1222,430,584,2,298,149
1223,430,1606,1,569,569
1224,430,60,1,94.9,94.9
1225,430,3848,2,270,135
1226,431,467,3,44.7,14.9
1227,431,1338,3,209.70000000000002,69.9
1228,431,3056,1,249,249
1229,432,1470,1,32.9,32.9
1230,432,2921,2,1198,599
1231,433,525,4,139.6,34.9
1232,433,2434,2,438,219
1233,433,1037,1,1999,1999
1234,434,1195,1,299,299
1235,434,2689,2,149.8,74.9
1236,435,666,3,209.70000000000002,69.9
1237,435,2720,3,164.7,54.9
1238,435,1566,1,79.9,79.9
1239,436,2986,1,699,699
1240,437,1529,3,387,129
1241,438,3827,1,125,125
1242,438,3309,3,254.70000000000002,84.9
1243,439,1763,2,5198,2599
1244,439,1884,1,59.9,59.9
1245,440,3303,1,74.9,74.9
1246,440,1132,2,1398,699
1247,440,3017,3,2097,699
1248,441,3321,3,284.70000000000005,94.9
1249,441,298,1,29.9,29.9
1250,442,2772,1,94.9,94.9
1251,442,2823,3,507,169
1252,442,2231,4,79.6,19.9
1253,442,3909,1,339,339
1254,443,877,2,65.8,32.9
1255,443,1893,3,179.7,59.9
1256,443,1695,2,99.8,49.9
1257,444,575,2,458,229
1258,445,425,2,358,179
1259,445,3286,4,299.6,74.9
1260,445,3684,1,189,189
1261,445,1096,1,599,599
1262,446,1999,1,439,439
1263,446,536,4,139.6,34.9
1264,447,3366,2,199.8,99.9
1265,447,2084,1,179,179
1266,447,1068,4,556,139
1267,447,3261,4,379.6,94.9
1268,448,1998,3,657,219
1269,448,1339,1,69.9,69.9
1270,448,3505,3,269.70000000000005,89.9
1271,448,1968,3,477,159
1272,449,1212,1,39.9,39.9
1273,449,846,4,5196,1299
1274,449,2930,1,499,499
1275,449,3800,4,796,199
1276,450,1223,3,299.70000000000005,99.9
1277,450,2223,2,25.8,12.9
1278,450,3825,2,129.8,64.9
1279,450,2201,1,84.9,84.9
1280,451,1973,1,44.9,44.9
1281,451,3765,3,537,179
1282,451,223,2,49.8,24.9
1283,451,1943,1,84.9,84.9
1284,452,501,4,716,179
1285,452,2027,2,199.8,99.9
1286,452,943,2,159.8,79.9
1287,452,2697,4,299.6,74.9
1288,453,1237,1,99.9,99.9
1289,453,3370,2,149.8,74.9
1290,453,3199,4,2916,729
1291,454,2000,3,627,209
1292,454,3284,3,179.7,59.9
1293,454,2932,3,1407,469
1294,454,895,4,279.6,69.9
1295,454,2100,3,537,179
1296,454,2433,4,580,145
1297,454,1253,4,420,105
1298,455,3240,3,4647,1549
1299,456,1959,3,4497,1499
1300,456,1878,1,599,599
1301,456,1189,1,26.9,26.9
1302,456,165,3,59.699999999999996,19.9
1303,457,1203,2,5198,2599
1304,457,40,3,80.69999999999999,26.9
1305,457,60,1,94.9,94.9
1306,458,850,4,460,115
1307,458,3046,2,698,349
1308,458,2396,2,458,229
1309,459,985,4,1156,289
1310,460,412,2,199.8,99.9
1311,460,461,2,139.8,69.9
1312,460,746,3,119.69999999999999,39.9
1313,461,1669,4,119.6,29.9
1314,461,1337,3,209.70000000000002,69.9
1315,461,1634,1,64.9,64.9
1316,462,1111,2,898,449
1317,463,3825,1,64.9,64.9
1318,463,2097,2,318,159
1319,463,3766,1,149,149
1320,463,1736,1,36.9,36.9
1321,464,3147,4,3316,829
1322,464,1677,4,99.6,24.9
1323,464,1740,4,3396,849
1324,465,266,3,74.69999999999999,24.9
1325,465,3381,3,224.70000000000002,74.9
1326,465,28,3,1047,349
1327,465,1631,1,64.9,64.9
1328,465,1661,3,239.70000000000002,79.9
1329,466,3582,4,876,219
1330,466,2799,3,435,145
1331,467,2741,2,129.8,64.9
1332,468,2701,3,224.70000000000002,74.9
1333,468,1527,2,54.9,27.45
1334,468,2835,2,1198,599
1335,468,3882,1,469,469
1336,468,2166,2,538,269
1337,468,3191,4,3996,999
1338,468,1063,1,899,899
1339,469,3428,3,537,179
1340,469,2228,3,59.699999999999996,19.9
1341,469,3881,1,189,189
1342,470,759,2,230,115
1343,470,65,4,139.6,34.9
1344,471,3717,3,179.7,59.9
1345,471,2336,4,359.6,89.9
1346,472,840,2,119.8,59.9
1347,472,2762,2,179.8,89.9
1348,472,725,3,1737,579
1349,472,2418,2,798,399
1350,472,1069,2,179.8,89.9
1351,472,2698,3,284.70000000000005,94.9
1352,473,671,2,99.8,49.9
1353,473,2175,1,115,115
1354,473,2939,2,1198,599
1355,473,1985,4,1156,289
1356,474,647,1,29.9,29.9
1357,474,1025,4,279.6,69.9
1358,474,1341,3,209.70000000000002,69.9
1359,474,2805,1,74.9,74.9
1360,475,3610,2,1258,629
1361,476,1046,2,129.8,64.9
1362,476,3340,4,339.6,84.9
1363,477,1587,1,69.9,69.9
1364,477,3487,2,1798,899
1365,477,259,1,46.9,46.9
1366,477,2347,2,2598,1299
1367,478,3664,2,578,289
1368,478,2619,4,1076,269
1369,479,1992,3,447,149
1370,479,2120,2,139.8,69.9
1371,479,3393,1,125,125
1372,479,1862,1,499,499
1373,480,2974,1,999,999
1374,480,2594,3,867,289
1375,480,877,3,98.69999999999999,32.9
1376,481,3384,3,807,269
1377,482,3789,3,597,199
1378,482,1367,3,209.70000000000002,69.9
1379,482,3317,2,149.8,74.9
1380,483,961,2,358,179
1381,483,3081,1,125,125
1382,483,1426,4,107.6,26.9
1383,484,3367,2,199.8,99.9
1384,484,1472,3,59.699999999999996,19.9
1385,485,3518,2,65.8,32.9
1386,485,207,1,64.9,64.9
1387,485,1721,4,516,129
1388,486,3611,2,2198,1099
1389,486,1193,1,42.9,42.9
1390,486,116,1,99.9,99.9
1391,486,1371,3,209.70000000000002,69.9
1392,487,3167,1,649,649
1393,487,3607,1,339,339
1394,487,2226,4,91.6,22.9
1395,487,2361,1,119,119
1396,488,1145,4,476,119
1397,489,1547,1,89.9,89.9
1398,489,53,2,139.8,69.9
1399,489,3334,4,460,115
1400,489,3274,1,115,115
1401,490,2111,3,194.70000000000002,64.9
1402,490,3028,1,469,469
1403,491,369,1,19.9,19.9
1404,491,1212,1,39.9,39.9
1405,491,1851,3,597,199
1406,492,3047,3,1407,469
1407,492,612,4,279.6,69.9
1408,492,2016,4,2516,629
1409,492,669,3,164.7,54.9
1410,492,1444,2,79.8,39.9
1411,492,649,1,139,139
1412,493,3461,4,319.6,79.9
1413,493,3183,3,657,219
1414,494,2761,2,179.8,89.9
1415,494,2869,4,1316,329
1416,494,1942,1,139,139
1417,494,1799,4,107.6,26.9
1418,495,1003,2,29.8,14.9
1419,495,647,1,29.9,29.9
1420,496,2801,4,379.6,94.9
1421,496,1733,1,79.9,79.9
1422,496,2921,2,1198,599
1423,496,3674,1,269,269
1424,496,3570,3,1107,369
1425,496,3697,1,769,769
1426,497,1422,4,93.8,23.45
1427,498,554,3,837,279
1428,498,3619,3,149.7,49.9
1429,498,1821,1,219,219
1430,498,1631,2,129.8,64.9
1431,499,1649,1,54.9,54.9
1432,500,1971,3,110.69999999999999,36.9
1433,500,3202,2,2298,1149
1434,501,2473,1,239,239
1435,501,321,4,876,219
1436,502,980,3,269.70000000000005,89.9
1437,503,2781,3,74.69999999999999,24.9
1438,503,1695,3,149.7,49.9
1439,503,379,4,420,105
1440,503,772,4,399.6,99.9
1441,504,2209,1,42.45,42.45
1442,504,970,3,194.70000000000002,64.9
1443,504,1436,3,239.70000000000002,79.9
1444,504,2806,1,119,119
1445,504,2805,1,74.9,74.9
1446,504,2541,4,239.6,59.9
1447,505,565,3,149.7,49.9
1448,505,110,1,199,199
1449,506,2337,2,218,109
1450,506,3830,2,29.8,14.9
1451,506,3692,3,2697,899
1452,507,2956,2,1498,749
1453,508,2573,1,239,239
1454,508,3591,3,119.69999999999999,39.9
1455,508,711,4,796,199
1456,509,2336,4,359.6,89.9
1457,510,3347,1,34.9,34.9
1458,510,1293,2,169.8,84.9
1459,511,3661,4,516,129
1460,511,1272,4,596,149
1461,511,2829,2,738,369
1462,511,2035,2,189.8,94.9
1463,512,3861,3,657,219
1464,512,200,4,179.6,44.9
1465,512,2490,3,209.70000000000002,69.9
1466,512,2575,3,627,209
1467,513,85,3,507,169
1468,513,3637,1,949,949
1469,514,2094,1,399,399
1470,514,230,4,171.6,42.9
1471,514,2261,2,39.8,19.9
1472,515,276,1,69.9,69.9
1473,516,2189,2,338,169
1474,516,776,4,1596,399
1475,516,1386,1,34.95,34.95
1476,516,2853,1,94.9,94.9
1477,516,2389,1,299,299
1478,516,548,1,369,369
1479,516,2306,3,194.70000000000002,64.9
1480,517,2930,2,998,499
1481,517,2770,2,119.8,59.9
1482,517,1354,2,139.8,69.9
1483,517,1697,3,315,105
1484,518,1890,4,239.6,59.9
1485,518,448,4,339.6,84.9
1486,518,1611,2,798,399
1487,518,1567,3,209.70000000000002,69.9
1488,519,1870,2,398,199
1489,520,2135,3,957,319
1490,520,1361,4,279.6,69.9
1491,520,3132,4,1716,429
1492,521,3639,1,84.9,84.9
1493,521,1412,3,224.70000000000002,74.9
1494,521,3157,4,916,229
1495,522,3134,4,1916,479
1496,523,461,2,139.8,69.9
1497,523,1124,4,99.6,24.9
1498,523,423,1,149,149
1499,523,1499,1,84.9,84.9
1500,524,2732,3,507,169
1501,525,1371,1,69.9,69.9
1502,525,3154,3,4347,1449
1503,526,3585,3,567,189
1504,526,2407,1,229,229
1505,526,2323,2,378,189
1506,527,942,3,119.69999999999999,39.9
1507,527,2823,1,169,169
1508,527,1397,2,149.8,74.9
1509,528,1847,2,79.8,39.9
1510,529,1053,3,164.7,54.9
1511,529,1437,2,458,229
1512,529,3180,2,458,229
1513,529,1569,3,194.70000000000002,64.9
1514,530,2234,2,31.8,15.9
1515,530,513,4,460,115
1516,530,3401,2,298,149
1517,530,3502,1,109,109
1518,531,1989,3,2247,749
1519,531,2488,3,597,199
1520,532,2735,3,537,179
1521,532,3318,4,399.6,99.9
1522,532,1875,3,179.7,59.9
1523,532,3296,3,224.70000000000002,74.9
1524,533,2308,1,44.9,44.9
1525,533,1307,2,139.8,69.9
1526,533,3347,4,139.6,34.9
1527,533,1416,4,159.6,39.9
1528,533,1173,3,1197,399
1529,533,2139,4,219.6,54.9
1530,534,2274,4,59.6,14.9
1531,534,1296,2,169.8,84.9
1532,534,205,4,279.6,69.9
1533,534,2498,1,189,189
1534,535,2512,1,289,289
1535,535,2618,4,359.6,89.9
1536,535,909,1,129,129
1537,535,1758,3,687,229
1538,535,996,3,597,199
1539,535,3548,2,258,129
1540,535,3431,4,796,199
1541,536,2499,3,239.70000000000002,79.9
1542,536,1363,1,69.9,69.9
1543,536,3831,2,69.8,34.9
1544,536,1281,3,375,125
1545,537,123,3,375,125
1546,537,3796,1,199,199
1547,537,1629,2,189.8,94.9
1548,538,3342,1,64.9,64.9
1549,538,2537,3,269.70000000000005,89.9
1550,538,410,4,119.6,29.9
1551,538,2654,2,378,189
1552,539,2290,2,298,149
1553,539,3804,2,398,199
1554,540,1707,4,1876,469
1555,541,3870,2,73.8,36.9
1556,542,1805,2,129.8,64.9
1557,542,198,3,74.69999999999999,24.9
1558,542,484,2,129.8,64.9
1559,542,2387,4,399.6,99.9
1560,543,1474,4,39.6,9.9
1561,543,2842,1,329,329
1562,543,2417,2,458,229
1563,544,394,2,458,229
1564,544,2654,3,567,189
1565,544,1349,1,69.9,69.9
1566,545,3329,4,299.6,74.9
1567,545,1660,3,224.70000000000002,74.9
1568,546,2859,2,738,369
1569,546,2668,1,89.9,89.9
1570,546,1143,4,636,159
1571,546,349,3,68.69999999999999,22.9
1572,546,598,1,1499,1499
1573,546,692,3,567,189
1574,546,800,1,64.9,64.9
1575,547,614,4,516,129
1576,548,1400,4,299.6,74.9
1577,548,3022,1,269,269
1578,548,2022,3,149.7,49.9
1579,548,2719,4,916,229
1580,549,1214,3,224.70000000000002,74.9
1581,549,3098,1,119,119
1582,550,2786,2,290,145
1583,551,2364,4,996,249
1584,551,1278,2,73.8,36.9
1585,551,731,4,676,169
1586,552,109,3,717,239
1587,552,2929,4,1116,279
1588,552,2599,1,289,289
1589,552,3250,3,597,199
1590,552,635,2,1498,749
1591,552,1059,3,1497,499
1592,553,163,1,26.9,26.9
1593,553,1144,3,867,289
1594,553,1275,3,507,169
1595,553,2512,1,289,289
1596,554,1612,1,149,149
1597,554,17,1,139,139
1598,554,336,1,17.9,17.9
1599,555,2827,1,569,569
1600,555,958,4,319.6,79.9
1601,555,3238,2,1598,799
1602,556,1899,2,149.8,74.9
1603,557,3234,1,1249,1249
1604,557,2057,1,379,379
1605,557,68,1,119,119
1606,557,1891,2,398,199
1607,557,1161,4,7196,1799
1608,558,1476,2,109.8,54.9
1609,558,315,4,139.6,34.9
1610,558,628,2,59.8,29.9
1611,558,2310,1,9.9,9.9
1612,559,693,1,389,389
1613,560,2582,3,807,269
1614,560,2580,3,867,289
1615,560,222,2,53.8,26.9
1616,561,1684,4,159.6,39.9
1617,561,211,3,179.7,59.9
1618,561,2028,1,64.9,64.9
1619,561,2533,1,69.9,69.9
1620,562,3098,3,357,119
1621,563,2251,2,59.8,29.9
1622,563,461,2,139.8,69.9
1623,563,1334,1,69.9,69.9
1624,564,1780,3,134.7,44.9
1625,564,1525,4,199.6,49.9
1626,565,2957,4,3196,799
1627,565,53,2,139.8,69.9
1628,565,354,4,79.6,19.9
1629,565,1558,3,224.70000000000002,74.9
1630,566,2438,4,1116,279
1631,566,10,1,129,129
1632,566,1127,3,717,239
1633,567,2632,3,567,189
1634,567,433,1,42.9,42.9
1635,567,1839,2,378,189
1636,568,2831,1,649,649
1637,568,867,4,239.6,59.9
1638,569,3237,1,1399,1399
1639,569,3149,4,2516,629
1640,569,2325,3,134.7,44.9
1641,570,1589,2,129.8,64.9
1642,570,431,1,145,145
1643,570,884,1,349,349
1644,570,2645,4,1396,349
1645,571,22,4,1396,349
1646,572,3835,3,134.7,44.9
1647,573,2854,2,139,69.5
1648,573,3624,4,1916,479
1649,574,3342,2,129.8,64.9
1650,575,585,4,119.6,29.9
1651,576,1675,3,357,119
1652,576,3906,1,419,419
1653,577,1193,1,42.9,42.9
1654,577,1929,3,1047,349
1655,577,3889,1,32.9,32.9
1656,578,2385,3,1557,519
1657,578,2852,3,435,145
1658,578,1574,1,69.9,69.9
1659,578,3851,1,125,125
1660,579,1210,2,119.8,59.9
1661,579,2834,3,435,145
1662,579,1489,4,159.6,39.9
1663,580,3399,4,516,129
1664,580,3268,2,39.8,19.9
1665,581,2474,4,319.6,79.9
1666,581,3926,1,39.9,39.9
1667,582,3508,3,269.70000000000005,89.9
1668,582,3369,4,339.6,84.9
1669,582,1562,1,69.9,69.9
1670,582,647,4,119.6,29.9
1671,583,1977,2,438,219
1672,583,3801,2,398,199
1673,583,2402,1,229,229
1674,584,592,1,29.9,29.9
1675,584,3779,4,796,199
1676,585,448,3,254.70000000000002,84.9
1677,586,1989,1,749,749
1678,586,3381,1,74.9,74.9
1679,587,358,1,64.9,64.9
1680,588,698,2,149.8,74.9
1681,588,2363,4,1116,279
1682,589,3850,4,500,125
1683,589,800,3,194.70000000000002,64.9
1684,589,3167,1,649,649
1685,589,2321,2,89.8,44.9
1686,590,370,1,54.9,54.9
1687,590,2193,3,537,179
1688,590,211,2,119.8,59.9
1689,590,2833,2,898,449
1690,590,3096,2,278,139
1691,590,917,3,119.69999999999999,39.9
1692,590,1187,1,269,269
1693,591,1691,1,89.9,89.9
1694,591,2818,2,290,145
1695,591,1273,4,716,179
1696,591,534,3,284.70000000000005,94.9
1697,592,2639,2,598,299
1698,592,3671,1,269,269
1699,592,2311,1,44.9,44.9
1700,592,2756,3,164.7,54.9
1701,593,3344,2,189.8,94.9
1702,593,3325,3,284.70000000000005,94.9
1703,593,549,2,7998,3999
1704,593,659,3,1047,349
1705,594,2665,4,319.6,79.9
1706,594,2171,3,140.7,46.9
1707,594,3284,4,239.6,59.9
1708,595,1919,3,179.7,59.9
1709,595,144,2,89.8,44.9
1710,595,1061,4,239.6,59.9
1711,596,2253,1,14.9,14.9
1712,597,2461,1,269,269
1713,597,2579,2,578,289
1714,597,1836,3,104.69999999999999,34.9
1715,597,2896,1,229,229
1716,598,3497,4,420,105
1717,598,218,4,139.6,34.9
1718,598,82,1,42.9,42.9
1719,598,2872,4,1316,329
1720,599,2543,4,359.6,89.9
1721,599,3360,2,189.8,94.9
1722,599,779,2,2398,1199
1723,599,3003,1,499,499
1724,600,3695,2,1998,999
1725,600,3851,1,125,125
1726,600,3855,4,540,135
1727,600,450,3,68.69999999999999,22.9
1728,600,3087,3,284.70000000000005,94.9
1729,600,882,4,1476,369
1730,600,1255,4,359.6,89.9
1731,601,2920,3,1197,399
1732,601,964,2,159.8,79.9
1733,602,944,2,129.8,64.9
1734,602,146,3,477,159
1735,602,3597,1,39.9,39.9
1736,603,3577,2,69.8,34.9
1737,604,1842,4,279.6,69.9
1738,604,29,4,796,199
1739,605,3530,4,199.6,49.9
1740,605,2235,1,14.9,14.9
1741,605,436,2,85.8,42.9
1742,606,2309,2,59.8,29.9
1743,607,3364,2,189.8,94.9
1744,607,3315,1,94.9,94.9
1745,607,3802,2,398,199
1746,608,516,2,658,329
1747,609,3335,4,379.6,94.9
1748,609,2348,1,1299,1299
1749,609,2483,4,279.6,69.9
1750,610,2346,4,2796,699
1751,610,2719,2,458,229
1752,610,1407,4,299.6,74.9
1753,611,1447,3,119.69999999999999,39.9
1754,611,1234,4,99.6,24.9
1755,611,459,4,279.6,69.9
1756,612,3602,4,500,125
1757,612,2703,2,159.8,79.9
1758,612,1072,2,99.8,49.9
1759,612,309,3,59.699999999999996,19.9
1760,613,2917,1,669,669
1761,614,700,1,74.9,74.9
1762,614,3509,2,398,199
1763,614,2544,3,209.70000000000002,69.9
1764,614,2331,2,1398,699
1765,615,1330,4,279.6,69.9
1766,615,2276,1,19.9,19.9
1767,615,2268,4,131.6,32.9
1768,616,2779,2,318,159
1769,616,1217,2,238,119
1770,616,3222,3,4347,1449
1771,616,3002,1,269,269
1772,616,172,3,387,129
1773,616,2793,1,179,179
1774,617,1099,3,747,249
1775,618,1827,3,387,129
1776,618,803,4,716,179
1777,618,1113,4,299.6,74.9
1778,618,1597,1,54.9,54.9
1779,619,25,4,1396,349
1780,619,3372,4,219.6,54.9
1781,620,712,4,1036,259
1782,620,246,3,89.69999999999999,29.9
1783,620,967,1,59.9,59.9
1784,620,3927,3,164.7,54.9
1785,621,1781,2,49.8,24.9
1786,621,297,1,22.9,22.9
1787,621,1632,2,189.8,94.9
1788,621,1801,2,53.8,26.9
1789,622,3254,4,1196,299
1790,622,184,3,477,159
1791,623,2146,1,69.9,69.9
1792,623,1817,3,837,279
1793,623,1387,1,69.9,69.9
1794,624,1486,4,1076,269
1795,625,1431,2,139.8,69.9
1796,625,1924,3,1047,349
1797,625,448,4,339.6,84.9
1798,625,2505,3,717,239
1799,626,2906,4,500,125
1800,626,377,2,119.8,59.9
1801,626,3113,2,278,139
1802,627,40,3,80.69999999999999,26.9
1803,627,3607,4,1356,339
1804,627,1388,4,279.6,69.9
1805,627,3177,4,2996,749
1806,627,3581,1,44.9,44.9
1807,627,3335,2,189.8,94.9
1808,627,2534,1,239,239
1809,628,3554,4,676,169
1810,628,723,1,79.9,79.9
1811,628,3731,3,209.70000000000002,69.9
1812,629,2294,1,129,129
1813,629,1282,3,537,179
1814,629,2413,2,438,219
1815,629,2704,2,169.8,84.9
1816,630,3317,1,74.9,74.9
1817,630,401,4,159.6,39.9
1818,630,257,2,59.8,29.9
1819,630,2357,3,164.7,54.9
1820,631,1882,4,239.6,59.9
1821,631,62,1,64.9,64.9
1822,631,3915,3,119.69999999999999,39.9
1823,631,2413,3,657,219
1824,632,3662,3,537,179
1825,632,3357,3,224.70000000000002,74.9
1826,632,3657,2,398,199
1827,633,1333,4,279.6,69.9
1828,633,1959,3,4497,1499
1829,633,2196,2,179,89.5
1830,633,2335,4,379.6,94.9
1831,634,864,3,1797,599
1832,634,327,2,210,105
1833,635,2990,1,849,849
1834,636,2588,1,239,239
1835,636,1011,2,29.8,14.9
1836,636,158,1,26.9,26.9
1837,636,1941,3,239.70000000000002,79.9
1838,636,2186,4,1036,259
1839,636,3325,3,284.70000000000005,94.9
1840,637,2203,4,219.6,54.9
1841,637,644,1,459,459
1842,637,1728,2,79.8,39.9
1843,637,2818,3,435,145
1844,638,906,2,33.8,16.9
1845,638,47,4,1076,269
1846,639,3405,4,556,139
1847,639,2677,3,435,145
1848,639,3268,2,39.8,19.9
1849,639,3318,2,199.8,99.9
1850,640,1069,1,89.9,89.9
1851,640,274,3,4197,1399
1852,640,414,1,36.9,36.9
1853,640,3568,2,658,329
1854,640,2570,4,876,219
1855,640,1626,3,284.70000000000005,94.9
1856,640,1640,1,169,169
1857,641,3208,3,4347,1449
1858,642,2454,2,498,249
1859,642,1678,2,139.8,69.9
1860,642,2301,3,209.70000000000002,69.9
1861,642,2324,2,19.8,9.9
1862,643,2378,3,1407,469
1863,644,3040,2,938,469
1864,644,1179,1,119,119
1865,644,3508,1,89.9,89.9
1866,645,465,4,99.6,24.9
1867,645,1204,3,4797,1599
1868,646,2060,4,1596,399
1869,646,305,2,99.8,49.9
1870,647,488,2,1398,699
1871,648,3839,2,290,145
1872,648,1065,1,469,469
1873,648,1185,4,359.6,89.9
1874,648,549,2,7998,3999
1875,649,946,3,110.69999999999999,36.9
1876,649,1111,2,898,449
1877,649,3778,2,398,199
1878,649,2413,3,657,219
1879,650,3455,4,436,109
1880,650,635,4,2996,749
1881,650,134,2,199.8,99.9
1882,651,3141,1,279,279
1883,651,3533,1,36.9,36.9
1884,651,445,2,318,159
1885,652,574,4,996,249
1886,652,1338,1,69.9,69.9
1887,652,1517,3,164.7,54.9
1888,653,1778,2,3398,1699
1889,653,1387,3,209.70000000000002,69.9
1890,654,617,2,65.8,32.9
1891,654,725,1,579,579
1892,654,969,2,179.8,89.9
1893,655,2022,2,99.8,49.9
1894,655,2453,4,996,249
1895,655,3212,4,299.6,74.9
1896,655,3669,1,329,329
1897,655,3325,1,94.9,94.9
1898,656,1326,3,209.70000000000002,69.9
1899,656,1052,4,119.6,29.9
1900,656,3030,1,749,749
1901,656,2801,4,379.6,94.9
1902,657,346,4,147.6,36.9
1903,657,210,4,19.6,4.9
1904,657,1317,3,209.70000000000002,69.9
1905,658,617,2,65.8,32.9
1906,658,2715,2,458,229
1907,658,1969,1,17.9,17.9
1908,659,1738,1,54.9,54.9
1909,659,2303,1,84.9,84.9
1910,659,2770,2,119.8,59.9
1911,660,1358,1,69.9,69.9
1912,660,3573,4,1796,449
1913,660,921,1,99.9,99.9
1914,660,1996,2,1498,749
1915,661,1090,1,399,399
1916,661,2089,3,435,145
1917,661,1309,2,139.8,69.9
1918,662,3071,1,189,189
1919,662,2933,2,458,229
1920,662,1221,1,219,219
1921,662,865,1,79.9,79.9
1922,663,373,2,338,169
1923,663,3722,2,119.8,59.9
1924,663,3453,2,338,169
1925,664,1078,3,807,269
1926,664,1127,2,478,239
1927,664,1783,3,2847,949
1928,664,844,2,858,429
1929,665,862,4,187.6,46.9
1930,665,953,1,3.9,3.9
1931,665,3458,2,93.8,46.9
1932,665,1706,2,1138,569
1933,666,2007,3,987,329
1934,666,2970,2,798,399
1935,667,269,3,89.69999999999999,29.9
1936,668,1461,1,29.9,29.9
1937,669,2853,4,379.6,94.9
1938,670,3035,1,629,629
1939,670,2883,2,658,329
1940,670,30,2,478,239
1941,670,3292,4,259.6,64.9
1942,671,2809,2,290,145
1943,671,1011,3,44.7,14.9
1944,671,2959,1,749,749
1945,672,603,4,3796,949
1946,672,3715,2,139.8,69.9
1947,672,1398,3,224.70000000000002,74.9
1948,672,3239,3,2547,849
1949,673,3362,2,199.8,99.9
1950,673,3299,1,74.9,74.9
1951,673,2600,1,289,289
1952,674,1285,2,378,189
1953,674,954,4,119.6,29.9
1954,674,2599,3,867,289
1955,675,2501,3,417,139
1956,675,3749,2,59.8,29.9
1957,675,2471,4,916,229
1958,675,1028,1,49.9,49.9
1959,676,1770,1,99.9,99.9
1960,677,3239,4,3396,849
1961,677,2093,1,279,279
1962,677,3792,2,398,199
1963,677,801,4,1956,489
1964,678,1121,3,209.70000000000002,69.9
1965,678,623,1,74.9,74.9
1966,678,115,3,807,269
1967,678,2352,3,164.7,54.9
1968,679,1629,4,379.6,94.9
1969,679,1094,2,798,399
1970,680,3809,4,716,179
1971,680,1422,3,70.35,23.45
1972,681,2171,4,187.6,46.9
1973,682,3624,4,1916,479
1974,682,1615,4,596,149
1975,682,2552,3,299.70000000000005,99.9
1976,682,3293,2,149.8,74.9
1977,682,2776,1,94.9,94.9
1978,682,1393,3,224.70000000000002,74.9
1979,682,2053,1,135,135
1980,683,2527,2,498,249
1981,684,2149,4,540,135
1982,684,1077,3,149.7,49.9
1983,684,3155,4,3596,899
1984,684,3674,4,1076,269
1985,684,1068,2,278,139
1986,684,759,4,460,115
1987,684,907,3,387,129
1988,685,1371,1,69.9,69.9
1989,685,3692,3,2697,899
1990,685,2836,3,807,269
1991,686,2594,4,1156,289
1992,686,2147,4,379.6,94.9
1993,686,1626,3,284.70000000000005,94.9
1994,687,2067,2,1598,799
1995,688,2449,2,678,339
1996,688,201,1,79.9,79.9
1997,688,683,4,580,145
1998,689,3126,2,1258,629
1999,689,3137,2,658,329
2000,690,3097,1,189,189
2001,690,2343,3,104.69999999999999,34.9
2002,690,200,2,89.8,44.9
2003,691,2726,2,1398,699
2004,691,1260,1,39.9,39.9
2005,692,140,4,279.6,69.9
2006,692,1572,3,269.70000000000005,89.9
2007,693,1141,2,79.8,39.9
2008,693,997,1,149,149
2009,693,3508,1,89.9,89.9
2010,694,107,2,898,449
2011,694,2012,1,379,379
2012,695,3549,3,387,129
2013,695,1257,1,149,149
2014,695,2628,3,1017,339
2015,695,446,4,580,145
2016,695,3634,1,469,469
2017,695,3727,1,69.9,69.9
2018,695,1210,1,59.9,59.9
2019,696,3894,1,32.9,32.9
2020,696,894,1,49.9,49.9
2021,696,3842,4,239.6,59.9
2022,697,1584,3,209.70000000000002,69.9
2023,697,3600,4,239.6,59.9
2024,697,2596,1,69.9,69.9
2025,698,2892,4,1596,399
2026,699,3191,1,999,999
2027,699,2791,3,209.70000000000002,69.9
2028,699,1632,1,94.9,94.9
2029,700,153,1,89,89
2030,701,1300,1,69.9,69.9
2031,701,3914,2,99.8,49.9
2032,701,3151,3,2397,799
2033,701,2935,4,1516,379
2034,702,1865,3,2247,749
2035,702,2208,3,239.70000000000002,79.9
2036,702,985,4,1156,289
2037,703,1669,1,29.9,29.9
2038,704,1806,2,179.8,89.9
2039,704,1501,1,49.9,49.9
2040,704,1216,3,717,239
2041,705,3452,4,476,119
2042,705,3881,2,378,189
2043,706,1402,4,299.6,74.9
2044,706,3856,2,270,135
2045,706,3746,4,119.6,29.9
2046,706,973,1,84.9,84.9
2047,707,2301,3,209.70000000000002,69.9
2048,707,1818,3,897,299
2049,707,3361,2,290,145
2050,707,2374,2,938,469
2051,708,1211,3,657,219
2052,708,2838,2,538,269
2053,709,1265,2,79.8,39.9
2054,709,2475,1,99.9,99.9
2055,710,3134,2,958,479
2056,710,3380,4,379.6,94.9
2057,710,1511,4,239.6,59.9
2058,710,2835,4,2396,599
2059,710,2242,2,29.8,14.9
2060,711,2233,3,44.7,14.9
2061,711,889,1,199,199
2062,712,3824,3,194.70000000000002,64.9
2063,712,2068,3,2547,849
2064,712,1946,1,129,129
2065,713,2549,3,179.7,59.9
2066,713,1250,2,478,239
2067,713,1057,4,2796,699
2068,714,1291,4,580,145
2069,714,200,3,134.7,44.9
2070,715,2483,4,279.6,69.9
2071,715,3082,2,278,139
2072,715,3465,1,49.9,49.9
2073,716,3342,2,129.8,64.9
2074,717,3721,2,119.8,59.9
2075,717,1649,2,109.8,54.9
2076,717,1328,1,69.9,69.9
2077,718,897,4,259.6,64.9
2078,718,1031,4,3196,799
2079,719,1230,4,676,169
2080,719,2649,2,378,189
2081,719,3381,4,299.6,74.9
2082,720,2162,2,438,219
2083,720,3864,3,98.69999999999999,32.9
2084,721,2583,1,369,369
2085,721,2141,4,436,109
2086,722,3643,2,798,399
2087,723,171,1,49.9,49.9
2088,723,322,1,74.9,74.9
2089,723,3175,2,758,379
2090,723,3008,2,1258,629
2091,724,1789,2,438,219
2092,724,2958,4,2996,749
2093,724,575,2,458,229
2094,725,1015,1,135,135
2095,726,1393,3,224.70000000000002,74.9
2096,726,2752,2,109.8,54.9
2097,726,2517,4,1196,299
2098,726,1955,4,359.6,89.9
2099,726,831,1,699,699
2100,727,610,1,169,169
2101,727,459,3,209.70000000000002,69.9
2102,727,2152,3,435,145
2103,727,1031,4,3196,799
2104,727,3268,2,39.8,19.9
2105,727,2205,3,284.70000000000005,94.9
2106,728,2098,3,447,149
2107,728,2912,4,1196,299
2108,728,1444,3,119.69999999999999,39.9
2109,729,2541,4,239.6,59.9
2110,729,844,4,1716,429
2111,729,1663,2,39.8,19.9
2112,729,266,1,24.9,24.9
2113,730,100,2,159.8,79.9
2114,730,429,2,378,189
2115,730,689,2,458,229
2116,730,1566,4,319.6,79.9
2117,731,2433,4,580,145
2118,731,1748,3,149.7,49.9
2119,731,796,2,858,429
2120,732,1792,3,3447,1149
2121,732,2380,2,938,469
2122,732,2531,3,1647,549
2123,733,2471,2,458,229
2124,733,548,1,369,369
2125,733,3382,1,94.9,94.9
2126,733,1547,1,89.9,89.9
2127,733,1418,1,46.9,46.9
2128,734,3312,2,218,109
2129,734,2656,4,876,219
2130,734,447,4,339.6,84.9
2131,734,1751,1,125,125
2132,735,984,1,69.9,69.9
2133,735,3424,3,447,149
2134,736,2791,1,69.9,69.9
2135,736,3245,1,109,109
2136,736,1390,3,104.85000000000001,34.95
2137,736,2546,3,269.70000000000005,89.9
2138,737,3071,3,567,189
2139,737,1741,2,1778,889
2140,737,255,2,45.8,22.9
2141,737,1709,2,738,369
2142,738,1066,3,149.7,49.9
2143,738,3830,3,44.7,14.9
2144,738,2693,4,299.6,74.9
2145,739,1902,2,998,499
2146,739,1151,1,79.9,79.9
2147,740,2302,1,64.9,64.9
2148,740,1816,3,537,179
2149,740,3155,1,899,899
2150,740,2121,1,189,189
2151,741,664,4,2396,599
2152,741,3763,4,716,179
2153,741,3904,1,269,269
2154,742,240,1,69.9,69.9
2155,743,1640,3,507,169
2156,743,1866,2,119.8,59.9
2157,743,1420,1,64.9,64.9
2158,744,2912,3,897,299
2159,744,1705,1,699,699
2160,745,3012,1,899,899
2161,746,101,1,239,239
2162,746,1786,1,219,219
2163,746,1563,2,119.8,59.9
2164,747,2187,4,676,169
2165,748,3497,4,420,105
2166,749,1571,2,218,109
2167,749,2031,4,187.6,46.9
2168,749,1834,2,39.8,19.9
2169,749,474,4,171.6,42.9
2170,749,2313,2,119.8,59.9
2171,750,2590,2,458,229
2172,751,3324,2,149.8,74.9
2173,751,752,2,119.8,59.9
2174,751,213,3,239.70000000000002,79.9
2175,751,3252,3,417,139
2176,752,2941,2,938,469
2177,752,584,1,149,149
2178,753,3143,1,249,249
2179,753,278,2,119.8,59.9
2180,753,2480,4,1356,339
2181,753,1117,4,540,135
2182,754,3172,3,1287,429
2183,754,1868,1,59.9,59.9
2184,754,1778,2,3398,1699
2185,754,3824,4,259.6,64.9
2186,755,2837,2,938,469
2187,755,803,1,179,179
2188,756,2331,4,2796,699
2189,756,3668,1,329,329
2190,756,2289,1,64.9,64.9
2191,756,455,4,500,125
2192,757,2821,1,94.9,94.9
2193,757,2113,3,1047,349
2194,757,2010,1,289,289
2195,757,1809,3,387,129
2196,758,1416,1,39.9,39.9
2197,758,949,2,129.8,64.9
2198,758,2572,4,756,189
2199,758,1657,1,269,269
2200,759,183,4,219.6,54.9
2201,759,3848,1,135,135
2202,759,68,4,476,119
2203,759,1013,2,318,159
2204,760,1406,1,74.9,74.9
2205,760,1263,1,99.9,99.9
2206,760,3592,2,89.8,44.9
2207,760,1148,4,239.6,59.9
2208,761,42,3,89.69999999999999,29.9
2209,761,2811,1,145,145
2210,762,1981,3,537,179
2211,762,649,3,417,139
2212,762,1955,3,269.70000000000005,89.9
2213,763,660,3,239.70000000000002,79.9
2214,763,1215,4,147.6,36.9
2215,763,556,3,657,219
2216,763,952,4,187.6,46.9
2217,763,3630,4,299.6,74.9
2218,763,3402,3,537,179
2219,764,648,4,556,139
2220,764,2064,2,798,399
2221,764,676,3,687,229
2222,764,648,3,417,139
2223,765,3726,4,279.6,69.9
2224,765,2246,2,65.8,32.9
2225,766,871,4,996,249
2226,766,3237,1,1399,1399
2227,767,3397,2,119.8,59.9
2228,767,1366,3,209.70000000000002,69.9
2229,767,2150,1,49.9,49.9
2230,768,2653,3,687,229
2231,768,314,2,29.8,14.9
2232,768,3140,2,498,249
2233,768,1761,3,299.70000000000005,99.9
2234,769,584,2,298,149
2235,770,3052,4,2396,599
2236,770,271,4,7196,1799
2237,770,1732,4,159.6,39.9
2238,771,3282,2,149.8,74.9
2239,771,639,2,858,429
2240,771,1586,1,29.9,29.9
2241,771,3017,3,2097,699
2242,772,3387,3,345,115
2243,772,1774,1,699,699
2244,772,484,3,194.70000000000002,64.9
2245,773,2691,3,597,199
2246,774,1265,3,119.69999999999999,39.9
2247,774,731,3,507,169
2248,774,1812,3,74.69999999999999,24.9
2249,774,153,4,356,89
2250,775,1403,3,224.70000000000002,74.9
2251,775,2933,4,916,229
2252,775,2065,2,998,499
2253,775,3606,2,678,339
2254,776,2899,1,319,319
2255,776,2716,4,420,105
2256,776,976,3,447,149
2257,776,308,2,159.8,79.9
2258,777,282,3,284.70000000000005,94.9
2259,777,1596,4,131.6,32.9
2260,778,1045,3,747,249
2261,778,2312,4,159.6,39.9
2262,779,1046,2,129.8,64.9
2263,780,3102,2,278,139
2264,781,1090,2,798,399
2265,781,896,4,239.6,59.9
2266,781,1917,4,676,169
2267,782,3673,1,189,189
2268,782,1680,1,18.9,18.9
2269,783,1015,1,135,135
2270,784,2162,4,876,219
2271,784,151,3,269.70000000000005,89.9
2272,785,211,1,59.9,59.9
2273,786,1797,4,79.6,19.9
2274,786,2559,3,717,239
2275,786,1094,4,1596,399
2276,787,365,4,71.6,17.9
2277,787,2342,2,69.8,34.9
2278,787,3109,1,139,139
2279,788,2143,1,49.9,49.9
2280,788,2744,4,79.6,19.9
2281,789,556,4,876,219
2282,789,1941,1,79.9,79.9
2283,789,816,2,378,189
2284,790,362,1,19.9,19.9
2285,790,2546,4,359.6,89.9
2286,791,1485,1,54.9,54.9
2287,791,3030,1,749,749
2288,791,1458,3,239.70000000000002,79.9
2289,792,865,4,319.6,79.9
2290,792,1691,2,179.8,89.9
2291,793,1017,2,189.8,94.9
2292,793,2903,2,3298,1649
2293,793,1883,2,119.8,59.9
2294,794,258,2,69.8,34.9
2295,794,2236,4,79.6,19.9
2296,794,1782,3,254.70000000000002,84.9
2297,794,2021,2,698,349
2298,795,2013,1,34.9,34.9
2299,795,3194,3,1287,429
2300,796,2434,2,438,219
2301,796,3399,4,516,129
2302,797,282,3,284.70000000000005,94.9
2303,797,1853,3,179.7,59.9
2304,798,3065,2,378,189
2305,798,2693,1,74.9,74.9
2306,798,1077,2,99.8,49.9
2307,799,2083,2,1398,699
2308,799,216,1,14.9,14.9
2309,800,1250,3,717,239
2310,801,1651,4,239.6,59.9
2311,802,1428,3,119.69999999999999,39.9
2312,802,3650,1,49.9,49.9
2313,802,502,4,876,219
2314,803,3535,2,33.8,16.9
2315,803,327,3,315,105
2316,804,3473,3,194.70000000000002,64.9
2317,804,1558,3,224.70000000000002,74.9
2318,805,3710,2,119.8,59.9
2319,805,3386,3,435,145
2320,806,2281,3,299.70000000000005,99.9
2321,806,3338,2,189.8,94.9
2322,806,2076,1,359,359
2323,806,1670,2,478,239
2324,807,3202,4,4596,1149
2325,807,3911,4,1756,439
2326,807,1416,1,39.9,39.9
2327,807,2991,4,2676,669
2328,808,1918,1,34.9,34.9
2329,808,3280,1,145,145
2330,808,2485,1,249,249
2331,808,1992,3,447,149
2332,809,1174,4,67.6,16.9
2333,809,2070,1,489,489
2334,809,32,3,717,239
2335,809,1493,4,339.6,84.9
2336,810,592,4,119.6,29.9
2337,810,1347,3,209.70000000000002,69.9
2338,810,1180,2,498,249
2339,811,389,3,164.7,54.9
2340,812,86,4,676,169
2341,812,643,1,999,999
2342,812,3747,3,89.69999999999999,29.9
2343,813,843,3,315,105
2344,813,1123,1,69.9,69.9
2345,813,1435,1,59.9,59.9
2346,814,3517,4,119.6,29.9
2347,815,1983,1,269,269
2348,815,2991,2,1338,669
2349,815,715,3,807,269
2350,816,3739,2,59.8,29.9
2351,816,3776,4,796,199
2352,816,8,3,128.7,42.9
2353,816,2081,4,1996,499
2354,817,757,3,110.69999999999999,36.9
2355,818,309,1,19.9,19.9
2356,818,3249,2,558,279
2357,818,3841,3,435,145
2358,818,522,2,378,189
2359,819,1585,4,636,159
2360,819,1386,1,34.95,34.95
2361,820,3280,2,290,145
2362,820,2194,3,209.70000000000002,69.9
2363,820,926,1,349,349
2364,820,2424,4,916,229
2365,821,1922,4,139.6,34.9
2366,821,1978,4,2596,649
2367,821,3198,3,807,269
2368,822,726,4,460,115
2369,822,3569,2,658,329
2370,822,2243,4,59.6,14.9
2371,823,1491,2,139.8,69.9
2372,824,2348,4,5196,1299
2373,824,897,1,64.9,64.9
2374,825,1315,4,279.6,69.9
2375,825,1729,3,299.70000000000005,99.9
2376,825,1222,2,438,219
2377,826,3805,3,597,199
2378,826,2205,1,94.9,94.9
2379,826,771,2,538,269
2380,827,1261,1,94.9,94.9
2381,827,1840,4,279.6,69.9
2382,827,1493,4,339.6,84.9
2383,827,2886,4,1076,269
2384,828,9,1,22.9,22.9
2385,828,661,1,84.9,84.9
2386,828,2289,1,64.9,64.9
2387,828,3589,4,540,135
2388,829,740,4,2796,699
2389,829,442,3,68.69999999999999,22.9
2390,829,3906,2,838,419
2391,830,863,2,578,289
2392,830,1394,3,224.70000000000002,74.9
2393,831,3095,2,378,189
2394,831,3379,2,189.8,94.9
2395,832,1485,2,109.8,54.9
2396,832,2255,4,63.6,15.9
2397,833,2095,3,477,159
2398,833,1137,4,1836,459
2399,833,2855,3,68.69999999999999,22.9
2400,833,1823,1,229,229
2401,834,3200,3,1317,439
2402,834,1936,4,2796,699
2403,834,1482,2,99.8,49.9
2404,834,2477,2,278,139
2405,835,1682,2,25.8,12.9
2406,835,3063,3,435,145
2407,835,493,3,3747,1249
2408,835,1068,3,417,139
2409,836,25,4,1396,349
2410,837,2327,3,1197,399
2411,837,796,1,429,429
2412,838,3402,1,179,179
2413,838,3336,3,375,125
2414,838,3209,2,2498,1249
2415,839,1491,4,279.6,69.9
2416,839,2708,1,74.9,74.9
2417,839,3227,1,999,999
2418,839,1282,3,537,179
2419,840,2757,2,179.8,89.9
2420,840,3534,2,85.8,42.9
2421,840,1915,3,149.7,49.9
2422,841,1988,2,678,339
2423,842,3874,3,687,229
2424,843,3743,3,89.69999999999999,29.9
2425,843,103,2,478,239
2426,843,3097,3,567,189
2427,843,3857,1,199,199
2428,844,1618,2,159.8,79.9
2429,844,2505,4,956,239
2430,844,485,3,194.70000000000002,64.9
2431,845,804,3,254.70000000000002,84.9
2432,846,2574,2,139.8,69.9
2433,847,3429,4,596,149
2434,847,2398,2,418,209
2435,847,1792,2,2298,1149
2436,847,519,3,134.7,44.9
2437,848,1919,1,59.9,59.9
2438,848,2999,4,3196,799
2439,849,3327,4,259.6,64.9
2440,849,3665,2,538,269
2441,850,1479,2,109.8,54.9
2442,850,1106,1,269,269
2443,850,424,3,687,229
2444,851,1962,4,4796,1199
2445,851,860,2,398,199
2446,851,1033,1,1499,1499
2447,852,1002,4,59.6,14.9
2448,853,2571,2,179.8,89.9
2449,854,2524,3,837,279
2450,854,1518,1,129,129
2451,854,87,3,387,129
2452,855,680,4,319.6,79.9
2453,855,928,1,149,149
2454,856,270,2,65.8,32.9
2455,856,2762,4,359.6,89.9
2456,857,116,3,299.70000000000005,99.9
2457,858,636,4,1396,349
2458,858,3209,3,3747,1249
2459,858,282,4,379.6,94.9
2460,859,684,3,1107,369
2461,859,1189,1,26.9,26.9
2462,859,3500,1,84.9,84.9
2463,859,1108,4,2796,699
2464,860,3235,2,3398,1699
2465,860,1923,2,638,319
2466,860,1900,1,69.9,69.9
2467,861,2356,4,219.6,54.9
2468,861,888,4,1116,279
2469,861,1603,4,1796,449
2470,862,2831,1,649,649
2471,862,1761,2,199.8,99.9
2472,862,914,3,119.69999999999999,39.9
2473,862,2667,3,327,109
2474,863,1637,3,194.70000000000002,64.9
2475,863,2104,1,279,279
2476,863,839,2,398,199
2477,864,3474,1,59.9,59.9
2478,864,3500,2,169.8,84.9
2479,864,1087,3,1497,499
2480,865,3120,3,537,179
2481,865,1158,4,796,199
2482,865,3207,1,1349,1349
2483,865,1821,4,876,219
2484,865,1239,1,79.9,79.9
2485,866,3083,2,189.8,94.9
2486,866,1970,4,199.6,49.9
2487,866,2995,3,2697,899
2488,867,1106,3,807,269
2489,867,625,2,149.8,74.9
2490,867,1232,3,209.70000000000002,69.9
2491,867,142,4,359.6,89.9
2492,867,291,2,59.8,29.9
2493,868,1397,4,299.6,74.9
2494,869,2868,2,458,229
2495,869,2407,1,229,229
2496,869,166,1,19.9,19.9
2497,870,2359,3,897,299
2498,871,3737,4,119.6,29.9
2499,872,3049,2,278,139
2500,872,2321,4,179.6,44.9
2501,872,3659,2,139.8,69.9
2502,872,3891,3,98.69999999999999,32.9
2503,873,1780,1,44.9,44.9
2504,873,1371,3,209.70000000000002,69.9
2505,874,1275,1,169,169
2506,874,1530,2,109.8,54.9
2507,874,409,2,438,219
2508,874,649,3,417,139
2509,875,3003,2,998,499
2510,875,447,4,339.6,84.9
2511,875,2394,4,540,135
2512,875,3225,3,6897,2299
2513,876,1589,4,259.6,64.9
2514,877,1554,2,109.8,54.9
2515,878,623,3,224.70000000000002,74.9
2516,878,3185,4,187.6,46.9
2517,878,2672,2,169.8,84.9
2518,878,1782,2,169.8,84.9
2519,879,3056,4,996,249
2520,879,2548,4,359.6,89.9
2521,879,627,3,110.69999999999999,36.9
2522,880,2293,4,259.6,64.9
2523,880,3757,1,199,199
2524,880,1367,3,209.70000000000002,69.9
2525,880,2156,1,39.9,39.9
2526,881,561,4,1836,459
2527,881,1922,3,104.69999999999999,34.9
2528,882,182,1,36.9,36.9
2529,882,1588,1,29.9,29.9
2530,882,846,3,3897,1299
2531,882,2761,1,89.9,89.9
2532,883,2463,3,657,219
2533,883,1252,4,379.6,94.9
2534,883,2897,1,359,359
2535,884,3647,3,597,199
2536,885,673,4,5996,1499
2537,885,386,4,219.6,54.9
2538,885,1267,1,135,135
2539,885,3404,3,357,119
2540,886,3857,4,796,199
2541,886,1936,2,1398,699
2542,886,3009,1,629,629
2543,886,3421,3,597,199
2544,887,2943,4,2116,529
2545,888,2738,2,73.8,36.9
2546,888,3795,4,636,159
2547,888,139,3,254.70000000000002,84.9
2548,889,1905,3,149.7,49.9
2549,889,3557,3,149.7,49.9
2550,889,1563,2,119.8,59.9
2551,889,1066,4,199.6,49.9
2552,890,3698,4,3076,769
2553,890,3802,1,199,199
2554,890,862,3,140.7,46.9
2555,891,3049,1,139,139
2556,892,3670,1,269,269
2557,892,3572,3,1107,369
2558,892,1809,3,387,129
2559,892,3103,2,278,139
2560,893,2573,3,717,239
2561,893,3143,4,996,249
2562,894,2264,4,131.6,32.9
2563,894,3433,4,796,199
2564,894,1119,3,149.7,49.9
2565,894,2488,1,199,199
2566,895,3819,3,194.70000000000002,64.9
2567,895,3054,3,807,269
2568,895,2251,2,59.8,29.9
2569,895,2152,3,435,145
2570,896,3758,1,199,199
2571,897,2314,1,44.9,44.9
2572,897,3065,1,189,189
2573,897,2833,2,898,449
2574,897,796,1,429,429
2575,897,1073,4,359.6,89.9
2576,897,313,3,44.7,14.9
2577,897,2444,1,249,249
2578,898,3806,2,318,159
2579,898,1611,3,1197,399
2580,898,1512,1,49.9,49.9
2581,898,222,2,53.8,26.9
2582,899,1858,2,358,179
2583,899,3580,3,224.70000000000002,74.9
2584,899,799,3,345,115
2585,899,444,1,19.9,19.9
2586,899,1306,1,54.9,54.9
2587,899,2179,2,199.8,99.9
2588,899,2237,1,24.9,24.9
2589,900,3494,1,69.9,69.9
2590,900,2477,4,556,139
2591,901,2869,1,329,329
2592,901,2169,1,36.9,36.9
2593,901,1835,2,23.8,11.9
2594,902,950,1,64.9,64.9
2595,902,1316,3,209.70000000000002,69.9
2596,902,626,2,65.8,32.9
2597,902,3175,1,379,379
2598,902,2764,1,29.9,29.9
2599,902,3504,4,420,105
2600,902,1197,1,189,189
2601,903,3511,1,369,369
2602,903,67,4,319.6,79.9
2603,904,1640,1,169,169
2604,904,1129,3,2547,849
2605,904,1070,1,34.9,34.9
2606,904,3146,4,3196,799
2607,905,1060,2,119.8,59.9
2608,906,2616,4,756,189
2609,906,3660,1,59.9,59.9
2610,906,1381,4,279.6,69.9
2611,906,841,3,5097,1699
2612,906,906,1,16.9,16.9
2613,906,1989,4,2996,749
2614,907,710,4,716,179
2615,907,3924,1,49.9,49.9
2616,908,621,4,279.6,69.9
2617,908,2271,1,16.9,16.9
2618,908,3064,2,290,145
2619,909,3565,4,1876,469
2620,909,822,2,1578,789
2621,909,1326,2,139.8,69.9
2622,909,1148,4,239.6,59.9
2623,910,2788,2,49.8,24.9
2624,911,3092,1,139,139
2625,912,3160,1,269,269
2626,912,2816,2,270,135
2627,913,285,2,189.8,94.9
2628,914,2417,4,916,229
2629,914,2447,4,916,229
2630,914,1553,4,219.6,54.9
2631,914,401,3,119.69999999999999,39.9
2632,915,1574,4,279.6,69.9
2633,915,1156,1,699,699
2634,916,3386,3,435,145
2635,916,1835,3,35.7,11.9
2636,917,1392,4,299.6,74.9
2637,917,3442,3,537,179
2638,917,2649,3,567,189
2639,917,2640,1,89.9,89.9
2640,917,287,4,131.6,32.9
2641,917,1108,3,2097,699
2642,918,2328,1,399,399
2643,919,1134,1,399,399
2644,919,2794,3,254.70000000000002,84.9
2645,919,3614,4,5398,1349.5
2646,919,1297,4,159.6,39.9
2647,919,601,2,2298,1149
2648,919,1734,1,39.9,39.9
2649,920,3557,1,49.9,49.9
2650,920,1531,4,279.6,69.9
2651,920,2945,1,669,669
2652,920,919,4,3996,999
2653,921,3431,1,199,199
2654,921,576,3,747,249
2655,922,3577,3,104.69999999999999,34.9
2656,922,298,1,29.9,29.9
2657,922,1843,1,209,209
2658,922,2233,2,29.8,14.9
2659,923,921,2,199.8,99.9
2660,923,2366,3,537,179
2661,924,1067,1,34.9,34.9
2662,925,3877,4,299.6,74.9
2663,925,264,2,45.8,22.9
2664,926,73,1,22.9,22.9
2665,927,3809,1,179,179
2666,927,3309,4,339.6,84.9
2667,927,2857,2,4398,2199
2668,928,3669,2,658,329
2669,928,1581,1,74.9,74.9
2670,928,624,2,250,125
2671,928,1453,2,838,419
2672,929,1726,1,169,169
2673,929,2072,1,329,329
2674,929,3809,1,179,179
2675,929,2149,2,270,135
2676,930,3309,3,254.70000000000002,84.9
2677,930,840,1,59.9,59.9
2678,930,2009,2,698,349
2679,930,3449,4,1076,269
2680,931,1325,3,209.70000000000002,69.9
2681,932,2380,3,1407,469
2682,933,3325,1,94.9,94.9
2683,934,2351,1,39.9,39.9
2684,934,494,2,438,219
2685,934,101,2,478,239
2686,935,2015,1,145,145
2687,935,1994,1,599,599
2688,935,1606,4,2276,569
2689,935,1403,4,299.6,74.9
2690,936,2159,3,1347,449
2691,937,1349,4,279.6,69.9
2692,937,3736,1,29.9,29.9
2693,938,1924,4,1396,349
2694,938,494,2,438,219
2695,938,1649,2,109.8,54.9
2696,939,1035,4,796,199
2697,939,1421,4,636,159
2698,939,2965,3,1887,629
2699,939,3074,4,580,145
2700,939,3803,4,796,199
2701,939,53,3,209.70000000000002,69.9
2702,940,2970,1,399,399
2703,940,248,2,119.8,59.9
2704,940,2410,1,229,229
2705,940,530,2,65.8,32.9
2706,941,2331,2,1398,699
2707,941,1248,1,179,179
2708,941,3526,1,22.9,22.9
2709,942,2714,1,829,829
2710,943,2803,1,179,179
2711,944,1109,3,507,169
2712,944,3611,3,3297,1099
2713,944,1942,3,417,139
2714,944,1362,1,69.9,69.9
2715,945,1529,1,129,129
2716,945,2388,2,598,299
2717,945,2722,2,1598,799
2718,946,3450,4,2396,599
2719,946,658,3,209.70000000000002,69.9
2720,946,2685,1,69.9,69.9
2721,946,1958,1,1899,1899
2722,947,1799,2,53.8,26.9
2723,947,1531,2,139.8,69.9
2724,948,423,3,447,149
2725,948,347,4,71.6,17.9
2726,948,188,3,507,169
2727,948,3910,4,3316,829
2728,949,3415,4,756,189
2729,949,3662,1,179,179
2730,949,573,2,398,199
2731,949,845,4,2396,599
2732,950,3553,3,387,129
2733,951,3600,4,239.6,59.9
2734,951,1507,4,436,109
2735,952,2828,4,2276,569
2736,952,3524,4,91.6,22.9
2737,953,1281,1,125,125
2738,954,2215,2,25.8,12.9
2739,955,571,4,2596,649
2740,956,3276,1,115,115
2741,956,2264,3,98.69999999999999,32.9
2742,957,278,4,239.6,59.9
2743,958,1652,3,477,159
2744,958,2228,1,19.9,19.9
2745,959,3778,2,398,199
2746,959,2808,3,254.70000000000002,84.9
2747,959,2308,2,89.8,44.9
2748,960,1686,2,119.8,59.9
2749,961,2633,2,358,179
2750,961,30,1,239,239
2751,961,3344,2,189.8,94.9
2752,961,1130,4,3196,799
2753,962,3765,2,358,179
2754,963,3386,2,290,145
2755,963,2033,4,79.6,19.9
2756,964,1736,2,73.8,36.9
2757,965,2507,1,249,249
2758,965,1752,1,129,129
2759,965,1198,3,10497,3499
2760,965,3792,1,199,199
2761,966,1289,3,194.70000000000002,64.9
2762,966,1204,1,1599,1599
2763,966,642,2,1998,999
2764,966,63,1,32.9,32.9
2765,967,2621,2,478,239
2766,967,23,3,1047,349
2767,967,680,2,159.8,79.9
2768,967,3895,3,1047,349
2769,968,116,1,99.9,99.9
2770,968,202,3,149.7,49.9
2771,968,2769,1,46.9,46.9
2772,969,468,3,29.700000000000003,9.9
2773,970,728,3,6897,2299
2774,970,3845,4,500,125
2775,970,2815,2,189.8,94.9
2776,970,3178,4,1196,299
2777,971,2510,3,657,219
2778,972,2588,1,239,239
2779,972,2567,4,279.6,69.9
2780,972,1712,1,799,799
2781,972,656,2,538,269
2782,973,3843,2,318,159
2783,973,2294,4,516,129
2784,973,1954,3,269.70000000000005,89.9
2785,973,3837,4,119.6,29.9
2786,973,2599,3,867,289
2787,973,2521,4,1396,349
2788,973,1810,3,164.7,54.9
2789,974,1878,2,1198,599
2790,975,3398,3,345,115
2791,975,260,1,34.9,34.9
2792,975,146,1,159,159
2793,976,755,1,549,549
2794,976,2788,1,24.9,24.9
2795,976,620,3,209.70000000000002,69.9
2796,976,2616,1,189,189
2797,977,309,4,79.6,19.9
2798,977,1105,4,1996,499
2799,978,726,4,460,115
2800,978,2288,4,596,149
2801,978,3535,4,67.6,16.9
2802,978,2595,1,289,289
2803,978,2916,3,1407,469
2804,978,1528,3,104.69999999999999,34.9
2805,978,1996,4,2996,749
2806,979,3310,2,129.8,64.9
2807,979,915,4,119.6,29.9
2808,979,476,3,2397,799
2809,979,3119,1,94.9,94.9
2810,980,2273,4,139.6,34.9
2811,980,2427,3,837,279
2812,980,2753,4,259.6,64.9
2813,981,3353,3,224.70000000000002,74.9
2814,981,3568,2,658,329
2815,982,891,3,209.70000000000002,69.9
2816,982,3571,4,1196,299
2817,982,3424,2,298,149
2818,983,1623,2,189.8,94.9
2819,983,650,4,500,125
2820,983,3212,3,224.70000000000002,74.9
2821,984,2457,1,269,269
2822,984,2342,3,104.69999999999999,34.9
2823,984,2845,4,1316,329
2824,984,1556,3,315,105
2825,984,2694,2,189.8,94.9
2826,984,2037,1,115,115
2827,984,2931,4,1476,369
2828,985,2770,4,239.6,59.9
2829,985,51,4,279.6,69.9
2830,986,561,2,918,459
2831,987,221,1,49.9,49.9
2832,987,1845,4,399.6,99.9
2833,987,277,4,239.6,59.9
2834,988,1004,3,44.7,14.9
2835,988,312,3,1167,389
2836,988,2068,2,1698,849
2837,988,3609,2,79.8,39.9
2838,988,532,2,398,199
2839,988,3249,1,279,279
2840,988,3484,1,849,849
2841,989,904,1,179,179
2842,989,3493,3,2547,849
2843,989,2688,3,405,135
2844,989,583,1,145,145
2845,990,1324,2,139.8,69.9
2846,990,709,4,2396,599
2847,991,2977,3,1407,469
2848,991,913,3,327,109
2849,992,2914,1,399,399
2850,993,3843,3,477,159
2851,994,3098,1,119,119
2852,994,2916,1,469,469
2853,994,205,3,209.70000000000002,69.9
2854,994,688,1,899,899
2855,994,1803,4,279.6,69.9
2856,994,1439,1,99.9,99.9
2857,995,909,2,258,129
2858,996,3129,4,1116,279
2859,996,2999,3,2397,799
2860,996,3381,2,149.8,74.9
2861,997,3231,3,4197,1399
2862,997,1168,3,1377,459
2863,997,2117,2,189.8,94.9
2864,998,3200,4,1756,439
2865,999,3429,1,149,149
2866,999,2308,2,89.8,44.9
2867,999,3372,4,219.6,54.9
2868,999,3007,1,529,529
2869,999,1115,2,1598,799
2870,1000,1685,4,55.6,13.9
2871,1000,3506,3,345,115
2872,1000,1378,4,279.6,69.9
